participant_id,comparison,stage_pair,color,contingency,dominant_cosine,top2_mean_angle_deg,top2_max_angle_deg,eigenvalue_distance,spectral_radius_diff,operator_frobenius_distance
sim-participant-001,same_color_diff_contingency,1v2,blue,B_rich,0.3695490403911041,40.68638825222391,81.37277565067417,0.03555416609210407,0.03555416609210407,0.7430305602751862
sim-participant-001,diff_color_same_contingency,1v2,blue,B_rich,0.2928499367344949,22.644840346213886,45.28967983865412,0.5171070034699503,0.031679674420912296,0.7221087369519265
sim-participant-001,same_color_diff_contingency,1v2,green,A_rich,0.03458196840737871,34.24271963315421,34.24271963315421,0.3653268017221715,0.016217604357820714,0.43886251185475794
sim-participant-001,diff_color_same_contingency,1v2,green,A_rich,0.8075662980742023,1.6309240909165386,1.6309240909165386,0.34054956639598805,0.051016236155195654,0.5886001904323418
sim-participant-001,same_color_diff_contingency,2v3,blue,A_rich,0.49661254374857183,29.56267414881919,29.56267414881919,0.2326954141527657,0.14689729079266903,0.8542730676712422
sim-participant-001,diff_color_same_contingency,2v3,blue,A_rich,0.10650840884671087,31.319489871815573,62.63897974363115,0.15143228732821132,0.15143228732821132,0.757488189017721
sim-participant-001,same_color_diff_contingency,2v3,green,B_rich,0.748581250694446,19.437869949397456,38.8757398987949,0.6329851247060576,0.08419844681519495,0.6505457645319089
sim-participant-001,diff_color_same_contingency,2v3,green,B_rich,0.35664536347668163,5.735734604168354,5.735734604168354,0.5931366884161285,0.07966345027965266,0.7549244582126317
sim-participant-002,same_color_diff_contingency,1v2,blue,A_rich,0.569620274347467,42.53939792041651,85.07879584083302,0.5015390525337027,0.5015390525337027,1.039345510223955
sim-participant-002,diff_color_same_contingency,1v2,blue,A_rich,0.6530526318307813,36.48931389943534,72.97862632009134,0.47633231382336694,0.47633231382336694,0.9092752783000253
sim-participant-002,same_color_diff_contingency,1v2,green,B_rich,0.6087882478932379,33.99116191217991,67.98232234558049,0.22935104070837875,0.22935104070837875,0.9570968417971703
sim-participant-002,diff_color_same_contingency,1v2,green,B_rich,0.9276431915044242,42.700136078571674,85.40027215714335,0.2545577794187145,0.2545577794187145,0.8278251747577406
sim-participant-002,same_color_diff_contingency,2v3,blue,B_rich,0.7600052178407863,39.255244715718504,78.51048943143701,0.13292266756252913,0.13292266756252913,0.9675998652439135
sim-participant-002,diff_color_same_contingency,2v3,blue,B_rich,0.9574499094888218,25.86119395744461,51.72238791488922,0.3661534856658838,0.3661534856658838,0.924929184227208
sim-participant-002,same_color_diff_contingency,2v3,green,A_rich,0.6648573101102615,40.37940269243774,80.75880453110184,0.34094674695554805,0.34094674695554805,0.874954112396703
sim-participant-002,diff_color_same_contingency,2v3,green,A_rich,0.9410698992495337,41.95797299443462,83.91594598886924,0.10771592885219339,0.10771592885219339,0.5522596323767712
sim-participant-003,same_color_diff_contingency,1v2,blue,B_rich,0.38390315971620864,21.592761805280603,21.592761805280603,0.19766898883046505,0.07963521753893232,1.7204082023442537
sim-participant-003,diff_color_same_contingency,1v2,blue,B_rich,0.9249976429249572,22.332000433232864,22.332000433232864,0.06097905658903081,0.05073331651901414,0.48772755556903646
sim-participant-003,same_color_diff_contingency,1v2,green,A_rich,0.32187941075523274,66.58135392087779,66.58135392087779,0.25174521694857654,0.13997104878345235,1.3125321238472185
sim-participant-003,diff_color_same_contingency,1v2,green,A_rich,0.9492905622364682,16.4865445028715,32.973089005743,0.009602514725505884,0.009602514725505884,0.8294329273939937
sim-participant-003,same_color_diff_contingency,2v3,blue,A_rich,0.3847700240831072,14.00310907970316,14.00310907970316,0.5907604611184788,0.37929508796802747,1.4926663195596386
sim-participant-003,diff_color_same_contingency,2v3,blue,A_rich,0.9904861510673609,24.59532580868528,49.19065161737056,0.1265542628625771,0.1265542628625771,0.7586584905902093
sim-participant-003,same_color_diff_contingency,2v3,green,B_rich,0.24682138886250157,75.58735147222382,75.58735147222382,0.1843412000978774,0.0038142711953693675,1.253523930438219
sim-participant-003,diff_color_same_contingency,2v3,green,B_rich,0.7936089604702661,37.47593479698959,37.47593479698959,0.38592822495072887,0.24892655391008098,1.6050434451021849
sim-participant-004,same_color_diff_contingency,1v2,blue,A_rich,0.053890867035272794,38.07470496827965,76.14940908278565,0.002182173213849059,0.002182173213849059,1.1914045978927308
sim-participant-004,diff_color_same_contingency,1v2,blue,A_rich,0.9428644734026813,35.77694736267334,71.55389472534668,0.17311103233100095,0.17311103233100095,0.6226369295392883
sim-participant-004,same_color_diff_contingency,1v2,green,B_rich,0.3466106006180413,39.438482093256184,78.87696418651237,0.10696678788885822,0.10696678788885822,1.1862943437138527
sim-participant-004,diff_color_same_contingency,1v2,green,B_rich,0.9944609182249826,5.849706997872221,11.69941399574443,0.06396207122829367,0.06396207122829367,0.5887884600947366
sim-participant-004,same_color_diff_contingency,2v3,blue,B_rich,0.29468555313719214,31.18574821963216,62.37149473171703,0.03379768073473033,0.03379768073473033,1.2959155927364259
sim-participant-004,diff_color_same_contingency,2v3,blue,B_rich,0.9934308548062496,4.703744267470452,9.407488534940892,0.07456187166421568,0.07456187166421568,0.724372619524658
sim-participant-004,same_color_diff_contingency,2v3,green,A_rich,0.33871019330065477,38.72485117237252,77.44970234474503,0.0963669874529362,0.0963669874529362,1.4448559691980085
sim-participant-004,diff_color_same_contingency,2v3,green,A_rich,0.9960758811910759,10.841398743666252,21.6827974873325,0.20472653985188222,0.20472653985188222,0.27454741753282436
sim-participant-005,same_color_diff_contingency,1v2,blue,B_rich,0.07990872989752015,26.129807030494433,52.259614060988866,0.032406599276576076,0.032406599276576076,1.3595008112818223
sim-participant-005,diff_color_same_contingency,1v2,blue,B_rich,0.9704009027430602,38.93399577429766,77.86799154859531,0.059593343440693614,0.059593343440693614,0.7136416109205759
sim-participant-005,same_color_diff_contingency,1v2,green,A_rich,0.007724418720990306,35.936595782796175,71.87319156559235,0.03467300672569845,0.03467300672569845,1.3281463128791628
sim-participant-005,diff_color_same_contingency,1v2,green,A_rich,0.9674953212198136,39.594169588383316,79.18833917676663,0.05732693599157124,0.05732693599157124,0.8105324292047457
sim-participant-005,same_color_diff_contingency,2v3,blue,A_rich,0.13125382803064445,40.34101817370689,80.68203634741378,0.22471888542448254,0.22471888542448254,1.1603288124254063
sim-participant-005,diff_color_same_contingency,2v3,blue,A_rich,0.9403829758635639,34.21522721489681,68.43045442979361,0.011396899677495353,0.011396899677495353,0.3227350562019127
sim-participant-005,same_color_diff_contingency,2v3,green,B_rich,0.20886501844792382,36.535030866206334,73.07006173241267,0.08060304303977434,0.08060304303977434,0.9151201880963925
sim-participant-005,diff_color_same_contingency,2v3,green,B_rich,0.9984906603128165,1.5508987016765876,3.1017974033531504,0.31671882814175223,0.31671882814175223,0.4875048933170729
sim-participant-006,same_color_diff_contingency,1v2,blue,A_rich,0.4354463700054611,32.28608785853658,64.57217571707316,0.2145035842051185,0.2145035842051185,1.0911546346745686
sim-participant-006,diff_color_same_contingency,1v2,blue,A_rich,0.8865661709940681,11.375218319980661,22.750436639961315,0.12281605197367917,0.12281605197367917,0.8467550567031914
sim-participant-006,same_color_diff_contingency,1v2,green,B_rich,0.07098937533180782,44.51185727028613,89.02371368679862,0.2891238205614739,0.2891238205614739,1.8786123661410477
sim-participant-006,diff_color_same_contingency,1v2,green,B_rich,0.8339769295767325,1.9072390964852723,3.814478192970539,0.04819581561732378,0.04819581561732378,1.0604257358661078
sim-participant-006,same_color_diff_contingency,2v3,blue,B_rich,0.4476554403034436,30.034359848327345,60.06871848923642,0.1724365491279946,0.1724365491279946,1.0502508526147685
sim-participant-006,diff_color_same_contingency,2v3,blue,B_rich,0.8121768027121672,6.792287497382372,13.584574994764719,0.3093365760753534,0.3093365760753534,0.7575829197391032
sim-participant-006,same_color_diff_contingency,2v3,green,A_rich,0.24895140340821992,40.76903564236337,81.53807128472674,0.027983060103444257,0.027983060103444257,1.4758306236933627
sim-participant-006,diff_color_same_contingency,2v3,green,A_rich,0.9562082382222772,22.728919124471002,45.45783704152373,0.16488308705080307,0.16488308705080307,0.8380642231795096
sim-participant-007,same_color_diff_contingency,1v2,blue,A_rich,0.21984477432045021,27.16790753629177,54.33581507258354,0.22154088435814856,0.22154088435814856,1.380753996741097
sim-participant-007,diff_color_same_contingency,1v2,blue,A_rich,0.9692072820039324,0.9520847122770779,1.9041694245541332,0.4356901955844061,0.4356901955844061,0.8804269411381129
sim-participant-007,same_color_diff_contingency,1v2,green,B_rich,0.3886998856902211,49.63850664629616,49.63850664629616,0.2058563960570935,0.03169087066224613,1.0956220476036644
sim-participant-007,diff_color_same_contingency,1v2,green,B_rich,0.8826382451237272,5.6622347913815565,5.6622347913815565,0.35436026415751837,0.24584018188850365,0.5613903084076952
sim-participant-007,same_color_diff_contingency,2v3,blue,B_rich,0.15888250244698954,36.74590434143304,73.49180782909244,0.013785565803153932,0.013785565803153932,1.169510960960263
sim-participant-007,diff_color_same_contingency,2v3,blue,B_rich,0.29682708870213015,28.962880281092488,57.925760562184976,0.27197465658101355,0.27197465658101355,1.0169957386321113
sim-participant-007,same_color_diff_contingency,2v3,green,A_rich,0.9144044453939908,8.32028695382226,16.640573907644487,0.05782534535475603,0.05782534535475603,0.7907666788504479
sim-participant-007,diff_color_same_contingency,2v3,green,A_rich,0.9950574287348576,26.405624168509174,52.8112474832447,0.2003637454231036,0.2003637454231036,0.7838758673167072
sim-participant-008,same_color_diff_contingency,1v2,blue,B_rich,0.06546659409653896,44.050535718336725,88.10107143667345,0.07652906468850323,0.07652906468850323,1.274051746619111
sim-participant-008,diff_color_same_contingency,1v2,blue,B_rich,0.9846748432694382,5.763765950955572,11.52753190191114,0.045533483528921226,0.045533483528921226,0.42802831328393337
sim-participant-008,same_color_diff_contingency,1v2,green,A_rich,0.28925349426729335,35.806243083357224,71.61248616671445,0.12650154011680065,0.12650154011680065,1.2618789315505847
sim-participant-008,diff_color_same_contingency,1v2,green,A_rich,0.8654602718274147,24.00733701544838,48.01467403089676,0.15749712127638266,0.15749712127638266,0.6540908069588385
sim-participant-008,same_color_diff_contingency,2v3,blue,A_rich,0.12667780368176326,42.51670604968263,85.033410891947,0.019528335808085218,0.019528335808085218,1.4068452557471467
sim-participant-008,diff_color_same_contingency,2v3,blue,A_rich,0.8897967444086617,14.336194356831042,28.672388713662063,0.18995049716397872,0.18995049716397872,0.6716685778145123
sim-participant-008,same_color_diff_contingency,2v3,green,B_rich,0.4128130891465405,44.055487064096425,88.11097412819285,0.22094607832356072,0.22094607832356072,0.9546247400381355
sim-participant-008,diff_color_same_contingency,2v3,green,B_rich,0.9833155195835288,14.643923210926811,29.28784642185361,0.011467245351496791,0.011467245351496791,0.6774299383707746
sim-participant-009,same_color_diff_contingency,1v2,blue,A_rich,0.16480004416375577,2.3986298465582676,4.797259693116526,0.07713217827346286,0.07713217827346286,1.6302700022377263
sim-participant-009,diff_color_same_contingency,1v2,blue,A_rich,0.8952430569196073,10.039673713655159,20.079347427310307,0.19980156961326484,0.19980156961326484,1.1070556000762772
sim-participant-009,same_color_diff_contingency,1v2,green,B_rich,0.574147650322207,28.20520334149034,56.41040668298068,0.8393509107108323,0.007402495168033096,1.0562582178095934
sim-participant-009,diff_color_same_contingency,1v2,green,B_rich,0.15461455505514046,28.617927246219757,57.235854492439515,1.1162846585975599,0.2843362430547608,0.7434585181748766
sim-participant-009,same_color_diff_contingency,2v3,blue,B_rich,0.04376618250892661,20.413374438671564,40.82674887734312,0.14853221954235962,0.14853221954235962,1.314041147371748
sim-participant-009,diff_color_same_contingency,2v3,blue,B_rich,0.11303477895479766,28.080898418468564,56.16179598316348,0.9308432029983199,0.4697776986540009,0.6956910228544897
sim-participant-009,same_color_diff_contingency,2v3,green,A_rich,0.6443265671080114,26.21276953982578,52.425537872233285,0.6539094551115923,0.19284395076727315,0.9922704716349782
sim-participant-009,diff_color_same_contingency,2v3,green,A_rich,0.9679780086036197,10.203725736424063,20.407451472848113,0.12840152834436808,0.12840152834436808,1.0707606546768813
sim-participant-010,same_color_diff_contingency,1v2,blue,B_rich,0.08596212869081486,42.38138089912791,84.76276059083756,0.3046168000992942,0.3046168000992942,1.1897233113564296
sim-participant-010,diff_color_same_contingency,1v2,blue,B_rich,0.8320119583643111,29.985462450181732,59.97092342158413,0.17093858826314523,0.17093858826314523,0.5859652795035518
sim-participant-010,same_color_diff_contingency,1v2,green,A_rich,0.2381770415296482,42.99468383377518,85.98936766755035,0.21828410697140682,0.21828410697140682,1.2451909045839185
sim-participant-010,diff_color_same_contingency,1v2,green,A_rich,0.9744594005539295,35.196874905894,70.393749811788,0.08460589513525785,0.08460589513525785,1.0368724456370333
sim-participant-010,same_color_diff_contingency,2v3,blue,A_rich,0.10263793126274118,33.0730785950634,66.1461571901268,0.23507815448834352,0.23507815448834352,0.9722739832966512
sim-participant-010,diff_color_same_contingency,2v3,blue,A_rich,0.9304137661989531,33.29524985017967,66.59049970035935,0.17699582132313646,0.17699582132313646,1.1952891515051958
sim-participant-010,same_color_diff_contingency,2v3,green,B_rich,0.3075954482470773,21.74702109340755,43.49404218681509,0.043317609486987485,0.043317609486987485,1.4799949596674458
sim-participant-010,diff_color_same_contingency,2v3,green,B_rich,0.8516585273964392,14.950279589390625,29.900559178781187,0.10139994265219454,0.10139994265219454,0.5147087566146171
