participant_id,B_A1,rho_A1,B_B1,rho_B1,B_A2,rho_A2,B_B2,rho_B2,B_sign_flips,rho_spread,rho_spread_null_p95,rho_unstable,pre_switch_alignment,n_switches,cue_gain_near,cue_gain_far,n_near
5dbcdf38a39098278b46036c,0.10338115432988003,0.7366175539117475,-0.13364883345136658,0.20011559202836016,0.11425384071870465,0.35469503233651584,-0.16862475604713634,0.283897661276787,True,0.5365019618833874,0.5879571210753235,False,-0.24285714285714288,28,2.8835135802879592,-4.130027893126511,7
5f89a35824bee7076b6d536c,0.1209157172252174,0.5668503186398924,-0.018142567255849333,0.795188244122282,0.14131655991222616,0.4591718958569243,-0.13576482919336455,0.6026487656506185,True,0.33601634826535764,0.6565812786917228,False,-0.13571428571428568,28,-3.4243567320271096,-13.891943421987111,7
60324e0d654dbd21e0e7fa2d,-0.0958485855582871,0.8802744585204798,0.1108734035214674,0.530237761594033,-0.14169221750777472,0.25076782989708013,0.13317444244647889,0.23042696286836906,True,0.6498474956521108,0.7215237718621103,False,-0.42499999999999993,28,-3.3460883154094967,-3.1459372795926877,7
650f06d2017a53e840c5af61,-0.11436320241114178,0.23109123506680174,0.14395418303499674,0.2283166272631775,-0.1036772934210016,0.206094184533946,0.1007355008621538,0.17053929923434466,True,0.06055193583245708,0.38070734874908796,False,-0.1285714285714286,28,-4.490734380383534,-1.2811816021448423,7
664b8bef90cdb799d4c4c35d,0.0010003115255136019,0.1946424096256526,-0.07253577539964154,0.2739407561400939,0.061950199756647555,0.3405098887739478,-0.0501014312021963,0.2553739813336792,True,0.14586747914829518,0.39812681377336273,False,-0.03214285714285715,28,-1.8923613144210556,0.1901619495820628,7
681b781064a5701a5ceee3bc,0.2207524098725885,0.8572890728430814,-0.11198517600675097,0.8345026239840774,0.11570282159734438,0.1766255385479173,-0.15556079973776674,0.2537432986659623,True,0.6806635342951641,0.7852209054773417,False,0.01428571428571429,28,4.485040451021083,-4.788023269843931,7
6931bc7a9286300ba24d7703,0.1086789361664815,0.638558467149388,-0.10763724467023825,0.41913278118328434,0.09882348306517495,0.33610682315713947,-0.11621091857072477,0.568347372092488,True,0.30245164399224855,0.5448068540242199,False,-0.1571428571428571,28,-2.5804099047690054,-0.7096257750607508,7
697aa4b8d2b6c1b3b9d7ae2c,-0.04501831764099853,0.7063244384514962,0.0964049384712119,0.4904787224132019,-0.05837583676527414,0.5405753352937492,0.08810570193111865,0.33848357224193837,True,0.3678408662095578,0.6659205197405811,False,-0.08214285714285716,28,2.1025151188773625,-0.49434984989830966,7
698078075d3326e1b30bd1c3,0.13328135278593917,0.31497643258666036,-0.12860565529132145,0.2695141887815071,0.11530476706614112,0.39115816072305026,-0.08303331138832798,0.26685036421142067,True,0.1243077965116296,0.40028924777406655,False,-0.23928571428571427,28,-2.0016787586556206,-0.7946708394587023,7
69825ba5f82e6ac78f401931,-0.10968096209455737,0.5078854602324876,0.1771410201799451,0.23370549843043556,-0.05864351427068306,0.35978672704310993,0.04795445719368335,0.27470772384366554,True,0.27417996180205206,0.4495619335391825,False,-0.12142857142857143,28,1.3379549675091436,-0.11443293321327194,7
69861227e96662416a5b08ac,-0.18485154531530665,0.7486386487036827,0.21235888408623887,0.3321327520367002,-0.15907979791561822,0.22534137922795797,0.1858158303678265,0.2320030404455563,True,0.5232972694757247,0.7455432467339127,False,-0.29642857142857143,28,-3.5005372433909483,-1.9756020496868447,7
698754c1f51d3f9181f7952b,0.08043870599289525,0.22232665849738883,-0.08886204351007618,0.2138947743556078,-0.04289874105318273,0.23538703272377276,-0.005726431304635673,0.22262198702521183,True,0.021492258368164957,0.36628056797289243,False,-0.20357142857142857,28,-0.169565964501912,0.14341622286032454,7
699b19eb2744be8e2c9e73ed,-0.13818483957991995,0.3901832624579161,0.011177552060626483,0.7621863236616845,0.1258507965504745,0.73023467607256,0.2019869098245391,0.5763266651920148,True,0.37200306120376836,0.6279981497838134,False,-0.05357142857142857,28,1.8382347126948713,1.6056118721537027,7
69ab872f2dc6e02760face50,0.009610104412696033,0.5676145631084015,-0.19419716625189123,0.3903674532557494,0.04700630726255348,0.24335580833580495,-0.04119612153939088,0.587788131199302,True,0.344432322863497,0.5484429684942823,False,-0.08928571428571429,28,10.631645903790398,1.5057397697334813,7
69cbcb9a5c8b56847e4ebda5,0.1645586935202043,0.823558873884368,-0.15274202916736143,0.36238224124284574,0.15230281802142384,0.27344457453333254,-0.1784837325396626,0.31754386472544394,True,0.5501142993510355,0.6929046875564482,False,-0.3321428571428572,28,-7.524469954474299,-3.900010047979585,7
69ed0ecd116ddecaafd2d726,-0.14876231983100344,0.18577538836134147,0.15878832409841623,0.1896416356209753,-0.1494969620856406,0.18015689775163565,0.14660528722552313,0.20910472871362495,True,0.0289478309619893,0.3865392731836175,False,-0.2392857142857143,28,-6.098603610827294,-9.10674962282351,7
6a0415c09c578ebcf634a8f7,0.1520842177708751,0.420128107258202,-0.16540583997033564,0.24134475651908666,0.21506266008581848,0.3148882395044859,-0.17899131323752543,0.2825625768032016,True,0.17878335073911533,0.542995697350862,False,-0.3821428571428572,28,-2.094316602048916,-1.721531694444791,7
6a17230d60e2a318a8073ab6,0.10986261854032309,0.1720116565604164,-0.1379259781402864,0.24682908527419872,0.17014816191615784,0.25325304356810685,-0.15281338253137078,0.47745751651203167,True,0.3054458599516153,0.5150564069766647,False,-0.41785714285714287,28,-5.319640071760627,-3.3112833686787333,7
6a19b14498b3d36bccc467cb,-0.027522332270933158,0.5871616371850964,-0.0251912771587689,0.5151901213892788,-0.007982178886273325,0.6849558095865232,-0.05070386918487785,0.6486420502096188,False,0.16976568819724447,0.5109897722500384,False,0.025000000000000015,28,7.163552627301564,-0.1379134911243459,7
6a1e249fc87cc5282b9262b3,0.16018907859121795,0.6329047128683545,-0.1394508915591468,0.22816231577993515,0.12007622252006536,0.28734429248534904,-0.13099059671283125,0.30803577710280206,True,0.4047423970884193,0.5821453119857247,False,-0.22500000000000003,28,-2.354540916217019,-2.5835344698381335,7
6a22f88b62f94cd1d52e3d19,-0.13520870475003433,0.39143950311124104,0.12706931551185055,0.24023039775102456,-0.14072647496847543,0.2181669464224276,0.1767697112559013,0.14303730892378272,True,0.24840219418745832,0.4497204194752304,False,-0.27499999999999997,28,-4.928637383682052,-8.50401285129698,7
6a43a2cd49feba211cdecf86,-0.19651145141595644,0.4558909630268473,0.1591922193576433,0.7852600138217469,-0.21684915868662205,0.5556115717103854,0.23781624623656913,0.3353389017478369,True,0.44992111207391,0.9709282537078943,False,-0.275,28,-4.900024764401836,-8.026998288958154,7
6a4407786c0afee02f74e0d0,-0.14386535804461323,0.42351445821202094,0.2064546256837608,0.44968635474866026,-0.15690294269853802,0.32078026384628044,0.1952383311808454,0.2742174904509535,True,0.17546886429770675,0.40331730026801604,False,-0.2928571428571428,28,-2.117356139441935,-1.3464911345828177,7
