bin,participant_id,kind,pair,n,cos
3,5dbcdf38a39098278b46036c,same,A1,128,0.6824954098119871
3,5dbcdf38a39098278b46036c,same,B1,128,0.9919415747134309
3,5dbcdf38a39098278b46036c,same,A2,128,0.9840570694385362
3,5dbcdf38a39098278b46036c,same,B2,128,0.9670999308427649
3,5dbcdf38a39098278b46036c,replication,A1vA2,256,0.9581007923012725
3,5dbcdf38a39098278b46036c,replication,B1vB2,256,0.994455252732916
3,5dbcdf38a39098278b46036c,across,A1vB1,256,0.9942575123086532
3,5dbcdf38a39098278b46036c,across,A2vB2,256,0.98570524589158
3,5f89a35824bee7076b6d536c,same,A1,128,0.890745846416152
3,5f89a35824bee7076b6d536c,same,B1,128,0.9477997339949726
3,5f89a35824bee7076b6d536c,same,A2,128,0.26733609109243517
3,5f89a35824bee7076b6d536c,same,B2,128,0.5888319293479137
3,5f89a35824bee7076b6d536c,replication,A1vA2,256,0.8002172480551873
3,5f89a35824bee7076b6d536c,replication,B1vB2,256,0.8849455831835557
3,5f89a35824bee7076b6d536c,across,A1vB1,256,0.974174626125111
3,5f89a35824bee7076b6d536c,across,A2vB2,256,0.9960591860782346
3,60324e0d654dbd21e0e7fa2d,same,A1,128,0.5500804838362409
3,60324e0d654dbd21e0e7fa2d,same,B1,128,0.26548151049646757
3,60324e0d654dbd21e0e7fa2d,same,A2,128,0.951323669275371
3,60324e0d654dbd21e0e7fa2d,same,B2,128,0.9896529038814869
3,60324e0d654dbd21e0e7fa2d,replication,A1vA2,256,0.48305870224785097
3,60324e0d654dbd21e0e7fa2d,replication,B1vB2,256,0.9452841714213682
3,60324e0d654dbd21e0e7fa2d,across,A1vB1,256,0.5942971707581359
3,60324e0d654dbd21e0e7fa2d,across,A2vB2,256,0.9895537300162729
3,650f06d2017a53e840c5af61,same,A1,128,0.9510596990588915
3,650f06d2017a53e840c5af61,same,B1,128,0.9924136623289448
3,650f06d2017a53e840c5af61,same,A2,128,0.8922424518712363
3,650f06d2017a53e840c5af61,same,B2,128,0.958810182374329
3,650f06d2017a53e840c5af61,replication,A1vA2,256,0.9303489977936846
3,650f06d2017a53e840c5af61,replication,B1vB2,256,0.9530154769993804
3,650f06d2017a53e840c5af61,across,A1vB1,256,0.9897255154294201
3,650f06d2017a53e840c5af61,across,A2vB2,256,0.9665974055035464
3,664b8bef90cdb799d4c4c35d,same,A1,128,0.052933063089888543
3,664b8bef90cdb799d4c4c35d,same,B1,128,0.9409978592832734
3,664b8bef90cdb799d4c4c35d,same,A2,128,0.9685263297058426
3,664b8bef90cdb799d4c4c35d,same,B2,128,0.8645147278498452
3,664b8bef90cdb799d4c4c35d,replication,A1vA2,256,0.4327969224494007
3,664b8bef90cdb799d4c4c35d,replication,B1vB2,256,0.9882963596784204
3,664b8bef90cdb799d4c4c35d,across,A1vB1,256,0.3372026283271602
3,664b8bef90cdb799d4c4c35d,across,A2vB2,256,0.9922293896857294
3,681b781064a5701a5ceee3bc,same,A1,128,0.9327477755159982
3,681b781064a5701a5ceee3bc,same,B1,128,0.7634574236748901
3,681b781064a5701a5ceee3bc,same,A2,128,0.9757250894751419
3,681b781064a5701a5ceee3bc,same,B2,128,0.998325242355725
3,681b781064a5701a5ceee3bc,replication,A1vA2,256,0.4091839812333515
3,681b781064a5701a5ceee3bc,replication,B1vB2,256,0.8518701266512455
3,681b781064a5701a5ceee3bc,across,A1vB1,256,0.04169128367393954
3,681b781064a5701a5ceee3bc,across,A2vB2,256,0.9732898995865907
3,6931bc7a9286300ba24d7703,same,A1,128,0.8822685586748954
3,6931bc7a9286300ba24d7703,same,B1,128,0.5871061529379714
3,6931bc7a9286300ba24d7703,same,A2,128,0.36266518932600444
3,6931bc7a9286300ba24d7703,same,B2,128,0.6175952124737633
3,6931bc7a9286300ba24d7703,replication,A1vA2,256,0.9592867468682044
3,6931bc7a9286300ba24d7703,replication,B1vB2,256,0.6094121818780542
3,6931bc7a9286300ba24d7703,across,A1vB1,256,0.873967900472953
3,6931bc7a9286300ba24d7703,across,A2vB2,256,0.8734561446532721
3,697aa4b8d2b6c1b3b9d7ae2c,same,A1,128,0.4674103312936877
3,697aa4b8d2b6c1b3b9d7ae2c,same,B1,128,0.9794976995079052
3,697aa4b8d2b6c1b3b9d7ae2c,same,A2,128,0.9382629722673018
3,697aa4b8d2b6c1b3b9d7ae2c,same,B2,128,0.9801730760744513
3,697aa4b8d2b6c1b3b9d7ae2c,replication,A1vA2,256,0.4178261611905429
3,697aa4b8d2b6c1b3b9d7ae2c,replication,B1vB2,256,0.9985890434209562
3,697aa4b8d2b6c1b3b9d7ae2c,across,A1vB1,256,0.3558133856823833
3,697aa4b8d2b6c1b3b9d7ae2c,across,A2vB2,256,0.9794907082259607
3,698078075d3326e1b30bd1c3,same,A1,128,0.9021207482144347
3,698078075d3326e1b30bd1c3,same,B1,128,0.9242542484867515
3,698078075d3326e1b30bd1c3,same,A2,128,0.9377499451639482
3,698078075d3326e1b30bd1c3,same,B2,128,0.989519543955078
3,698078075d3326e1b30bd1c3,replication,A1vA2,256,0.9879561720349158
3,698078075d3326e1b30bd1c3,replication,B1vB2,256,0.9977085858427673
3,698078075d3326e1b30bd1c3,across,A1vB1,256,0.9979171054179373
3,698078075d3326e1b30bd1c3,across,A2vB2,256,0.9879268024027213
3,69825ba5f82e6ac78f401931,same,A1,128,0.932046015301808
3,69825ba5f82e6ac78f401931,same,B1,128,0.9938183254834432
3,69825ba5f82e6ac78f401931,same,A2,128,0.9925933616162035
3,69825ba5f82e6ac78f401931,same,B2,128,0.9938625526438734
3,69825ba5f82e6ac78f401931,replication,A1vA2,256,0.98824245708809
3,69825ba5f82e6ac78f401931,replication,B1vB2,256,0.9970289085748639
3,69825ba5f82e6ac78f401931,across,A1vB1,256,0.9586017836452125
3,69825ba5f82e6ac78f401931,across,A2vB2,256,0.9883882405355384
3,69861227e96662416a5b08ac,same,A1,128,0.45728226068013045
3,69861227e96662416a5b08ac,same,B1,128,0.9842382560307289
3,69861227e96662416a5b08ac,same,A2,128,0.991369687441301
3,69861227e96662416a5b08ac,same,B2,128,0.9551738014282105
3,69861227e96662416a5b08ac,replication,A1vA2,256,0.04857201809136358
3,69861227e96662416a5b08ac,replication,B1vB2,256,0.9874494247242956
3,69861227e96662416a5b08ac,across,A1vB1,256,0.24485840980960877
3,69861227e96662416a5b08ac,across,A2vB2,256,0.9754891396335785
3,698754c1f51d3f9181f7952b,same,A1,128,0.9725029348406079
3,698754c1f51d3f9181f7952b,same,B1,128,0.921784959701121
3,698754c1f51d3f9181f7952b,same,A2,128,0.9504238002811299
3,698754c1f51d3f9181f7952b,same,B2,128,0.9522642573065321
3,698754c1f51d3f9181f7952b,replication,A1vA2,256,0.808053934533412
3,698754c1f51d3f9181f7952b,replication,B1vB2,256,0.929381590548901
3,698754c1f51d3f9181f7952b,across,A1vB1,256,0.8741327282221919
3,698754c1f51d3f9181f7952b,across,A2vB2,256,0.9787248785959246
3,699b19eb2744be8e2c9e73ed,same,A1,128,0.9285782931644004
3,699b19eb2744be8e2c9e73ed,same,B1,128,0.9589383572602926
3,699b19eb2744be8e2c9e73ed,same,A2,128,0.7682241116856181
3,699b19eb2744be8e2c9e73ed,same,B2,128,0.9879862139124451
3,699b19eb2744be8e2c9e73ed,replication,A1vA2,256,0.9896539387241937
3,699b19eb2744be8e2c9e73ed,replication,B1vB2,256,0.9987660613903162
3,699b19eb2744be8e2c9e73ed,across,A1vB1,256,0.95343755268103
3,699b19eb2744be8e2c9e73ed,across,A2vB2,256,0.9728253296269485
3,69ab872f2dc6e02760face50,same,A1,128,0.9630839822142213
3,69ab872f2dc6e02760face50,same,B1,128,0.9594378819726233
3,69ab872f2dc6e02760face50,same,A2,128,0.9911213796176339
3,69ab872f2dc6e02760face50,same,B2,128,0.6495456443563772
3,69ab872f2dc6e02760face50,replication,A1vA2,256,0.9345854687223413
3,69ab872f2dc6e02760face50,replication,B1vB2,256,0.9923302511847804
3,69ab872f2dc6e02760face50,across,A1vB1,256,0.943566150346958
3,69ab872f2dc6e02760face50,across,A2vB2,256,0.9826013333832729
3,69cbcb9a5c8b56847e4ebda5,same,A1,128,0.73001037508414
3,69cbcb9a5c8b56847e4ebda5,same,B1,128,0.9820915429918439
3,69cbcb9a5c8b56847e4ebda5,same,A2,128,0.9928412924196379
3,69cbcb9a5c8b56847e4ebda5,same,B2,128,0.940095232472778
3,69cbcb9a5c8b56847e4ebda5,replication,A1vA2,256,0.98845020798973
3,69cbcb9a5c8b56847e4ebda5,replication,B1vB2,256,0.9919529166627388
3,69cbcb9a5c8b56847e4ebda5,across,A1vB1,256,0.9712305769089611
3,69cbcb9a5c8b56847e4ebda5,across,A2vB2,256,0.9926508459847782
3,69ed0ecd116ddecaafd2d726,same,A1,128,0.6214996307043211
3,69ed0ecd116ddecaafd2d726,same,B1,128,0.9592735202948377
3,69ed0ecd116ddecaafd2d726,same,A2,128,0.9055528968481938
3,69ed0ecd116ddecaafd2d726,same,B2,128,0.8038526787834692
3,69ed0ecd116ddecaafd2d726,replication,A1vA2,256,0.9423533312023693
3,69ed0ecd116ddecaafd2d726,replication,B1vB2,256,0.9194288731988856
3,69ed0ecd116ddecaafd2d726,across,A1vB1,256,0.8398461906897694
3,69ed0ecd116ddecaafd2d726,across,A2vB2,256,0.9848949880750901
3,6a0415c09c578ebcf634a8f7,same,A1,128,0.7451129064632117
3,6a0415c09c578ebcf634a8f7,same,B1,128,0.9744967506499481
3,6a0415c09c578ebcf634a8f7,same,A2,128,0.9788830720287492
3,6a0415c09c578ebcf634a8f7,same,B2,128,0.9941246685729712
3,6a0415c09c578ebcf634a8f7,replication,A1vA2,256,0.834071825646964
3,6a0415c09c578ebcf634a8f7,replication,B1vB2,256,0.9827469983456348
3,6a0415c09c578ebcf634a8f7,across,A1vB1,256,0.8805063118301747
3,6a0415c09c578ebcf634a8f7,across,A2vB2,256,0.999739560517123
3,6a17230d60e2a318a8073ab6,same,A1,128,0.9342438747024865
3,6a17230d60e2a318a8073ab6,same,B1,128,0.9728046626053926
3,6a17230d60e2a318a8073ab6,same,A2,128,0.8026474535872347
3,6a17230d60e2a318a8073ab6,same,B2,128,0.8437526509320891
3,6a17230d60e2a318a8073ab6,replication,A1vA2,256,0.998440766399299
3,6a17230d60e2a318a8073ab6,replication,B1vB2,256,0.9505621669277293
3,6a17230d60e2a318a8073ab6,across,A1vB1,256,0.9506165880100775
3,6a17230d60e2a318a8073ab6,across,A2vB2,256,0.987610013050752
3,6a19b14498b3d36bccc467cb,same,A1,128,0.48535234679288897
3,6a19b14498b3d36bccc467cb,same,B1,128,0.9757436717615138
3,6a19b14498b3d36bccc467cb,same,A2,128,0.8159456540825871
3,6a19b14498b3d36bccc467cb,same,B2,128,0.906032245221558
3,6a19b14498b3d36bccc467cb,replication,A1vA2,256,0.46122992807779895
3,6a19b14498b3d36bccc467cb,replication,B1vB2,256,0.7781767319698707
3,6a19b14498b3d36bccc467cb,across,A1vB1,256,0.1448598922722369
3,6a19b14498b3d36bccc467cb,across,A2vB2,256,0.9873322697091365
3,6a1e249fc87cc5282b9262b3,same,A1,128,0.9039466068108976
3,6a1e249fc87cc5282b9262b3,same,B1,128,0.9865744426840263
3,6a1e249fc87cc5282b9262b3,same,A2,128,0.9928740117810477
3,6a1e249fc87cc5282b9262b3,same,B2,128,0.9958309297394752
3,6a1e249fc87cc5282b9262b3,replication,A1vA2,256,0.9902070203530322
3,6a1e249fc87cc5282b9262b3,replication,B1vB2,256,0.9958389000450691
3,6a1e249fc87cc5282b9262b3,across,A1vB1,256,0.998827050024521
3,6a1e249fc87cc5282b9262b3,across,A2vB2,256,0.9844797099616954
3,6a22f88b62f94cd1d52e3d19,same,A1,128,0.8471764013741748
3,6a22f88b62f94cd1d52e3d19,same,B1,128,0.9812295979118275
3,6a22f88b62f94cd1d52e3d19,same,A2,128,0.9855441267692298
3,6a22f88b62f94cd1d52e3d19,same,B2,128,0.9686232523019
3,6a22f88b62f94cd1d52e3d19,replication,A1vA2,256,0.9808765994840813
3,6a22f88b62f94cd1d52e3d19,replication,B1vB2,256,0.9840610483319502
3,6a22f88b62f94cd1d52e3d19,across,A1vB1,256,0.9786455158116396
3,6a22f88b62f94cd1d52e3d19,across,A2vB2,256,0.9537270839709543
3,6a43a2cd49feba211cdecf86,same,A1,128,0.9387234613251105
3,6a43a2cd49feba211cdecf86,same,B1,128,0.2932703930233992
3,6a43a2cd49feba211cdecf86,same,A2,128,0.06812917898210909
3,6a43a2cd49feba211cdecf86,same,B2,128,0.764129449038255
3,6a43a2cd49feba211cdecf86,replication,A1vA2,256,0.7792706767939245
3,6a43a2cd49feba211cdecf86,replication,B1vB2,256,0.8230184571337322
3,6a43a2cd49feba211cdecf86,across,A1vB1,256,0.4298355353702502
3,6a43a2cd49feba211cdecf86,across,A2vB2,256,0.5002439606050304
3,6a4407786c0afee02f74e0d0,same,A1,128,0.9516585894306013
3,6a4407786c0afee02f74e0d0,same,B1,128,0.9454300572453849
3,6a4407786c0afee02f74e0d0,same,A2,128,0.969570649799703
3,6a4407786c0afee02f74e0d0,same,B2,128,0.8099055799998071
3,6a4407786c0afee02f74e0d0,replication,A1vA2,256,0.8588944454879704
3,6a4407786c0afee02f74e0d0,replication,B1vB2,256,0.7900144554695994
3,6a4407786c0afee02f74e0d0,across,A1vB1,256,0.9146646992954741
3,6a4407786c0afee02f74e0d0,across,A2vB2,256,0.975764069636601
5,5dbcdf38a39098278b46036c,same,A1,76,0.7411478044581387
5,5dbcdf38a39098278b46036c,same,B1,76,0.95431645897733
5,5dbcdf38a39098278b46036c,same,A2,76,0.9249064273158197
5,5dbcdf38a39098278b46036c,same,B2,76,0.9645010201475492
5,5dbcdf38a39098278b46036c,replication,A1vA2,152,0.4642257476127165
5,5dbcdf38a39098278b46036c,replication,B1vB2,152,0.982211112070078
5,5dbcdf38a39098278b46036c,across,A1vB1,152,0.3686681940165912
5,5dbcdf38a39098278b46036c,across,A2vB2,152,0.9938835212402006
5,5f89a35824bee7076b6d536c,same,A1,76,0.5723186868257755
5,5f89a35824bee7076b6d536c,same,B1,76,0.9292933946973508
5,5f89a35824bee7076b6d536c,same,A2,76,0.11446417206855743
5,5f89a35824bee7076b6d536c,same,B2,76,0.4601336914778901
5,5f89a35824bee7076b6d536c,replication,A1vA2,152,0.5164978622680056
5,5f89a35824bee7076b6d536c,replication,B1vB2,152,0.8265704835882128
5,5f89a35824bee7076b6d536c,across,A1vB1,152,0.9678223215975408
5,5f89a35824bee7076b6d536c,across,A2vB2,152,0.9297999326259697
5,60324e0d654dbd21e0e7fa2d,same,A1,76,0.6938456477120075
5,60324e0d654dbd21e0e7fa2d,same,B1,76,0.5630507603934652
5,60324e0d654dbd21e0e7fa2d,same,A2,76,0.9094907895343742
5,60324e0d654dbd21e0e7fa2d,same,B2,76,0.2607798588859744
5,60324e0d654dbd21e0e7fa2d,replication,A1vA2,152,0.5240062107096358
5,60324e0d654dbd21e0e7fa2d,replication,B1vB2,152,0.10519009031908877
5,60324e0d654dbd21e0e7fa2d,across,A1vB1,152,0.7448104363747369
5,60324e0d654dbd21e0e7fa2d,across,A2vB2,152,0.17646492405054157
5,650f06d2017a53e840c5af61,same,A1,76,0.9987447585357812
5,650f06d2017a53e840c5af61,same,B1,76,0.9781891177248334
5,650f06d2017a53e840c5af61,same,A2,76,0.8588007358706701
5,650f06d2017a53e840c5af61,same,B2,76,0.17415567857791442
5,650f06d2017a53e840c5af61,replication,A1vA2,152,0.7436620057584411
5,650f06d2017a53e840c5af61,replication,B1vB2,152,0.8406544397016273
5,650f06d2017a53e840c5af61,across,A1vB1,152,0.9312618715637262
5,650f06d2017a53e840c5af61,across,A2vB2,152,0.8331620258505803
5,664b8bef90cdb799d4c4c35d,same,A1,76,0.2807607347317468
5,664b8bef90cdb799d4c4c35d,same,B1,76,0.9703368604837667
5,664b8bef90cdb799d4c4c35d,same,A2,76,0.9306511850929455
5,664b8bef90cdb799d4c4c35d,same,B2,76,0.6973025676578942
5,664b8bef90cdb799d4c4c35d,replication,A1vA2,152,0.5405662077814664
5,664b8bef90cdb799d4c4c35d,replication,B1vB2,152,0.5550482290776498
5,664b8bef90cdb799d4c4c35d,across,A1vB1,152,0.3102414888999582
5,664b8bef90cdb799d4c4c35d,across,A2vB2,152,0.9809439206435959
5,681b781064a5701a5ceee3bc,same,A1,76,0.9688565472037407
5,681b781064a5701a5ceee3bc,same,B1,76,0.987313478619269
5,681b781064a5701a5ceee3bc,same,A2,76,0.975671869759162
5,681b781064a5701a5ceee3bc,same,B2,76,0.33142690621383863
5,681b781064a5701a5ceee3bc,replication,A1vA2,152,0.4309073211246286
5,681b781064a5701a5ceee3bc,replication,B1vB2,152,0.3567303629147325
5,681b781064a5701a5ceee3bc,across,A1vB1,152,0.9150108072045527
5,681b781064a5701a5ceee3bc,across,A2vB2,152,0.910885164758527
5,6931bc7a9286300ba24d7703,same,A1,76,0.8309655494183944
5,6931bc7a9286300ba24d7703,same,B1,76,0.11144966594284941
5,6931bc7a9286300ba24d7703,same,A2,76,0.5571357060841282
5,6931bc7a9286300ba24d7703,same,B2,76,0.1688622360215429
5,6931bc7a9286300ba24d7703,replication,A1vA2,152,0.9394683278645548
5,6931bc7a9286300ba24d7703,replication,B1vB2,152,0.776345105929888
5,6931bc7a9286300ba24d7703,across,A1vB1,152,0.9529228931544267
5,6931bc7a9286300ba24d7703,across,A2vB2,152,0.8267236652634883
5,697aa4b8d2b6c1b3b9d7ae2c,same,A1,76,0.6943806713342293
5,697aa4b8d2b6c1b3b9d7ae2c,same,B1,76,0.9549021695840503
5,697aa4b8d2b6c1b3b9d7ae2c,same,A2,76,0.8851481903790652
5,697aa4b8d2b6c1b3b9d7ae2c,same,B2,76,0.929118417519269
5,697aa4b8d2b6c1b3b9d7ae2c,replication,A1vA2,152,0.2807258716142509
5,697aa4b8d2b6c1b3b9d7ae2c,replication,B1vB2,152,0.9997823578955698
5,697aa4b8d2b6c1b3b9d7ae2c,across,A1vB1,152,0.2555886132553607
5,697aa4b8d2b6c1b3b9d7ae2c,across,A2vB2,152,0.9753104155834683
5,698078075d3326e1b30bd1c3,same,A1,76,0.9141349737643285
5,698078075d3326e1b30bd1c3,same,B1,76,0.9128537628623465
5,698078075d3326e1b30bd1c3,same,A2,76,0.7958724212007954
5,698078075d3326e1b30bd1c3,same,B2,76,0.9658192237584188
5,698078075d3326e1b30bd1c3,replication,A1vA2,152,0.8225753291938172
5,698078075d3326e1b30bd1c3,replication,B1vB2,152,0.9957711946494269
5,698078075d3326e1b30bd1c3,across,A1vB1,152,0.9525846636802516
5,698078075d3326e1b30bd1c3,across,A2vB2,152,0.9224491863619403
5,69825ba5f82e6ac78f401931,same,A1,76,0.9468007917358137
5,69825ba5f82e6ac78f401931,same,B1,76,0.9437214734046898
5,69825ba5f82e6ac78f401931,same,A2,76,0.977976357003376
5,69825ba5f82e6ac78f401931,same,B2,76,0.9653968103164837
5,69825ba5f82e6ac78f401931,replication,A1vA2,152,0.77531912569147
5,69825ba5f82e6ac78f401931,replication,B1vB2,152,0.9817558256220433
5,69825ba5f82e6ac78f401931,across,A1vB1,152,0.5820300413232525
5,69825ba5f82e6ac78f401931,across,A2vB2,152,0.9915740956228317
5,69861227e96662416a5b08ac,same,A1,76,0.8977759452089509
5,69861227e96662416a5b08ac,same,B1,76,0.9226197717082087
5,69861227e96662416a5b08ac,same,A2,76,0.8495903332621056
5,69861227e96662416a5b08ac,same,B2,76,0.9725359564069197
5,69861227e96662416a5b08ac,replication,A1vA2,152,0.38989152920378667
5,69861227e96662416a5b08ac,replication,B1vB2,152,0.9260694669525306
5,69861227e96662416a5b08ac,across,A1vB1,152,0.09828632166929166
5,69861227e96662416a5b08ac,across,A2vB2,152,0.9650901184534298
5,698754c1f51d3f9181f7952b,same,A1,76,0.09626020013769626
5,698754c1f51d3f9181f7952b,same,B1,76,0.6351620045321054
5,698754c1f51d3f9181f7952b,same,A2,76,0.9675462741292389
5,698754c1f51d3f9181f7952b,same,B2,76,0.9835964942131381
5,698754c1f51d3f9181f7952b,replication,A1vA2,152,0.2877057832627398
5,698754c1f51d3f9181f7952b,replication,B1vB2,152,0.5775787573953874
5,698754c1f51d3f9181f7952b,across,A1vB1,152,0.6006212785265779
5,698754c1f51d3f9181f7952b,across,A2vB2,152,0.8008399807521108
5,699b19eb2744be8e2c9e73ed,same,A1,76,0.7617188493782673
5,699b19eb2744be8e2c9e73ed,same,B1,76,0.3621601752015027
5,699b19eb2744be8e2c9e73ed,same,A2,76,0.8100833633747645
5,699b19eb2744be8e2c9e73ed,same,B2,76,0.9660390179166902
5,699b19eb2744be8e2c9e73ed,replication,A1vA2,152,0.9883193397482771
5,699b19eb2744be8e2c9e73ed,replication,B1vB2,152,0.959634962908664
5,699b19eb2744be8e2c9e73ed,across,A1vB1,152,0.7638149580744042
5,699b19eb2744be8e2c9e73ed,across,A2vB2,152,0.9453378466508098
5,69ab872f2dc6e02760face50,same,A1,76,0.9489969756747878
5,69ab872f2dc6e02760face50,same,B1,76,0.9778760489831677
5,69ab872f2dc6e02760face50,same,A2,76,0.8027739195456378
5,69ab872f2dc6e02760face50,same,B2,76,0.25551410951794284
5,69ab872f2dc6e02760face50,replication,A1vA2,152,0.8902680015327178
5,69ab872f2dc6e02760face50,replication,B1vB2,152,0.9909597531230739
5,69ab872f2dc6e02760face50,across,A1vB1,152,0.9011434391635653
5,69ab872f2dc6e02760face50,across,A2vB2,152,0.930902856818399
5,69cbcb9a5c8b56847e4ebda5,same,A1,76,0.9173065192262297
5,69cbcb9a5c8b56847e4ebda5,same,B1,76,0.9601811185359544
5,69cbcb9a5c8b56847e4ebda5,same,A2,76,0.9563186438681625
5,69cbcb9a5c8b56847e4ebda5,same,B2,76,0.9118874739626672
5,69cbcb9a5c8b56847e4ebda5,replication,A1vA2,152,0.02859637768705038
5,69cbcb9a5c8b56847e4ebda5,replication,B1vB2,152,0.9401937262411408
5,69cbcb9a5c8b56847e4ebda5,across,A1vB1,152,0.2232477167205832
5,69cbcb9a5c8b56847e4ebda5,across,A2vB2,152,0.9938373760487087
5,69ed0ecd116ddecaafd2d726,same,A1,76,0.6833566986355396
5,69ed0ecd116ddecaafd2d726,same,B1,76,0.942265246199828
5,69ed0ecd116ddecaafd2d726,same,A2,76,0.7836754424351723
5,69ed0ecd116ddecaafd2d726,same,B2,76,0.4298549826334456
5,69ed0ecd116ddecaafd2d726,replication,A1vA2,152,0.32791463294230844
5,69ed0ecd116ddecaafd2d726,replication,B1vB2,152,0.6371656865399533
5,69ed0ecd116ddecaafd2d726,across,A1vB1,152,0.04728485638287922
5,69ed0ecd116ddecaafd2d726,across,A2vB2,152,0.9559747032727722
5,6a0415c09c578ebcf634a8f7,same,A1,76,0.028712022162198203
5,6a0415c09c578ebcf634a8f7,same,B1,76,0.9776438920807631
5,6a0415c09c578ebcf634a8f7,same,A2,76,0.8525376741237779
5,6a0415c09c578ebcf634a8f7,same,B2,76,0.979418895951552
5,6a0415c09c578ebcf634a8f7,replication,A1vA2,152,0.12151747014521486
5,6a0415c09c578ebcf634a8f7,replication,B1vB2,152,0.9342986947937412
5,6a0415c09c578ebcf634a8f7,across,A1vB1,152,0.3060312658232533
5,6a0415c09c578ebcf634a8f7,across,A2vB2,152,0.9947583631507684
5,6a17230d60e2a318a8073ab6,same,A1,76,0.9375048367540235
5,6a17230d60e2a318a8073ab6,same,B1,76,0.8974601175827444
5,6a17230d60e2a318a8073ab6,same,A2,76,0.5947845769075423
5,6a17230d60e2a318a8073ab6,same,B2,76,0.25805887726908544
5,6a17230d60e2a318a8073ab6,replication,A1vA2,152,0.9904018582403764
5,6a17230d60e2a318a8073ab6,replication,B1vB2,152,0.9551465634736753
5,6a17230d60e2a318a8073ab6,across,A1vB1,152,0.9679557433824302
5,6a17230d60e2a318a8073ab6,across,A2vB2,152,0.9816395712746517
5,6a19b14498b3d36bccc467cb,same,A1,76,4.144129556826748e-05
5,6a19b14498b3d36bccc467cb,same,B1,76,0.8754599784046726
5,6a19b14498b3d36bccc467cb,same,A2,76,0.6088000105564535
5,6a19b14498b3d36bccc467cb,same,B2,76,0.8542508531900681
5,6a19b14498b3d36bccc467cb,replication,A1vA2,152,0.10522097485742195
5,6a19b14498b3d36bccc467cb,replication,B1vB2,152,0.5772926647021137
5,6a19b14498b3d36bccc467cb,across,A1vB1,152,0.45668205793453465
5,6a19b14498b3d36bccc467cb,across,A2vB2,152,0.9645474988158622
5,6a1e249fc87cc5282b9262b3,same,A1,76,0.968736492994837
5,6a1e249fc87cc5282b9262b3,same,B1,76,0.9860790669637881
5,6a1e249fc87cc5282b9262b3,same,A2,76,0.967878439086586
5,6a1e249fc87cc5282b9262b3,same,B2,76,0.9807088739881097
5,6a1e249fc87cc5282b9262b3,replication,A1vA2,152,0.48845858979670315
5,6a1e249fc87cc5282b9262b3,replication,B1vB2,152,0.997339103616962
5,6a1e249fc87cc5282b9262b3,across,A1vB1,152,0.450590853616993
5,6a1e249fc87cc5282b9262b3,across,A2vB2,152,0.9953441757383865
5,6a22f88b62f94cd1d52e3d19,same,A1,76,0.434134949994201
5,6a22f88b62f94cd1d52e3d19,same,B1,76,0.9692291024359636
5,6a22f88b62f94cd1d52e3d19,same,A2,76,0.9592948382708602
5,6a22f88b62f94cd1d52e3d19,same,B2,76,0.9131871785835769
5,6a22f88b62f94cd1d52e3d19,replication,A1vA2,152,0.8956083226135805
5,6a22f88b62f94cd1d52e3d19,replication,B1vB2,152,0.9781204162328834
5,6a22f88b62f94cd1d52e3d19,across,A1vB1,152,0.9234672130691258
5,6a22f88b62f94cd1d52e3d19,across,A2vB2,152,0.9444596141782536
5,6a43a2cd49feba211cdecf86,same,A1,76,0.9386417829216435
5,6a43a2cd49feba211cdecf86,same,B1,76,0.812906481365446
5,6a43a2cd49feba211cdecf86,same,A2,76,0.6116211901331989
5,6a43a2cd49feba211cdecf86,same,B2,76,0.10322885970768343
5,6a43a2cd49feba211cdecf86,replication,A1vA2,152,0.7566394942034637
5,6a43a2cd49feba211cdecf86,replication,B1vB2,152,0.5084480187477805
5,6a43a2cd49feba211cdecf86,across,A1vB1,152,0.4941302339599975
5,6a43a2cd49feba211cdecf86,across,A2vB2,152,0.21986620477731883
5,6a4407786c0afee02f74e0d0,same,A1,76,0.8453680521465659
5,6a4407786c0afee02f74e0d0,same,B1,76,0.6743853260936303
5,6a4407786c0afee02f74e0d0,same,A2,76,0.8835773278650556
5,6a4407786c0afee02f74e0d0,same,B2,76,0.7648128597381281
5,6a4407786c0afee02f74e0d0,replication,A1vA2,152,0.971053821519358
5,6a4407786c0afee02f74e0d0,replication,B1vB2,152,0.7456641637941087
5,6a4407786c0afee02f74e0d0,across,A1vB1,152,0.04110122308890901
5,6a4407786c0afee02f74e0d0,across,A2vB2,152,0.6726444100005723
10,5dbcdf38a39098278b46036c,same,A1,36,0.5273710362110382
10,5dbcdf38a39098278b46036c,same,B1,36,0.3481871233200697
10,5dbcdf38a39098278b46036c,same,A2,36,0.9696537921577031
10,5dbcdf38a39098278b46036c,same,B2,36,0.3310168519239653
10,5dbcdf38a39098278b46036c,replication,A1vA2,72,0.7871248962277128
10,5dbcdf38a39098278b46036c,replication,B1vB2,72,0.27206705679918464
10,5dbcdf38a39098278b46036c,across,A1vB1,72,0.5960641697593886
10,5dbcdf38a39098278b46036c,across,A2vB2,72,0.16292808155872288
10,5f89a35824bee7076b6d536c,same,A1,36,0.8652006885532886
10,5f89a35824bee7076b6d536c,same,B1,36,0.9163722349405832
10,5f89a35824bee7076b6d536c,same,A2,36,0.0823160150621858
10,5f89a35824bee7076b6d536c,same,B2,36,0.9027228109535366
10,5f89a35824bee7076b6d536c,replication,A1vA2,72,0.5636767642334287
10,5f89a35824bee7076b6d536c,replication,B1vB2,72,0.7698477677515583
10,5f89a35824bee7076b6d536c,across,A1vB1,72,0.9841493809743458
10,5f89a35824bee7076b6d536c,across,A2vB2,72,0.903221426745648
10,60324e0d654dbd21e0e7fa2d,same,A1,36,0.6271011571099817
10,60324e0d654dbd21e0e7fa2d,same,B1,36,0.3836690857175663
10,60324e0d654dbd21e0e7fa2d,same,A2,36,0.5874587668862861
10,60324e0d654dbd21e0e7fa2d,same,B2,36,0.6963317249098073
10,60324e0d654dbd21e0e7fa2d,replication,A1vA2,72,0.1300069900479968
10,60324e0d654dbd21e0e7fa2d,replication,B1vB2,72,0.7735788268389152
10,60324e0d654dbd21e0e7fa2d,across,A1vB1,72,0.44139906836063847
10,60324e0d654dbd21e0e7fa2d,across,A2vB2,72,0.5944753576589067
10,650f06d2017a53e840c5af61,same,A1,36,0.6889674978558326
10,650f06d2017a53e840c5af61,same,B1,36,0.16952962430828294
10,650f06d2017a53e840c5af61,same,A2,36,0.16465669251437043
10,650f06d2017a53e840c5af61,same,B2,36,0.9649170040767674
10,650f06d2017a53e840c5af61,replication,A1vA2,72,0.2539015259692554
10,650f06d2017a53e840c5af61,replication,B1vB2,72,0.27128892926871345
10,650f06d2017a53e840c5af61,across,A1vB1,72,0.9237226112125745
10,650f06d2017a53e840c5af61,across,A2vB2,72,0.42471599990259834
10,664b8bef90cdb799d4c4c35d,same,A1,36,0.8791024664511977
10,664b8bef90cdb799d4c4c35d,same,B1,36,0.2439190981533667
10,664b8bef90cdb799d4c4c35d,same,A2,36,0.574481289167934
10,664b8bef90cdb799d4c4c35d,same,B2,36,0.1118120131946964
10,664b8bef90cdb799d4c4c35d,replication,A1vA2,72,0.34750392850508094
10,664b8bef90cdb799d4c4c35d,replication,B1vB2,72,0.4991764765678333
10,664b8bef90cdb799d4c4c35d,across,A1vB1,72,0.5154929957660525
10,664b8bef90cdb799d4c4c35d,across,A2vB2,72,0.6173298720572353
10,681b781064a5701a5ceee3bc,same,A1,36,0.9856764636202119
10,681b781064a5701a5ceee3bc,same,B1,36,0.9861651596647455
10,681b781064a5701a5ceee3bc,same,A2,36,0.048870619309797976
10,681b781064a5701a5ceee3bc,same,B2,36,0.7631356847762314
10,681b781064a5701a5ceee3bc,replication,A1vA2,72,0.13464221757731745
10,681b781064a5701a5ceee3bc,replication,B1vB2,72,0.25517007716218626
10,681b781064a5701a5ceee3bc,across,A1vB1,72,0.9421574917445825
10,681b781064a5701a5ceee3bc,across,A2vB2,72,0.8249625396292971
10,6931bc7a9286300ba24d7703,same,A1,36,0.8268213401292267
10,6931bc7a9286300ba24d7703,same,B1,36,0.4908772546881923
10,6931bc7a9286300ba24d7703,same,A2,36,0.43107295928071065
10,6931bc7a9286300ba24d7703,same,B2,36,0.16877169212614476
10,6931bc7a9286300ba24d7703,replication,A1vA2,72,0.8419487687041731
10,6931bc7a9286300ba24d7703,replication,B1vB2,72,0.952369579775428
10,6931bc7a9286300ba24d7703,across,A1vB1,72,0.8256444891277905
10,6931bc7a9286300ba24d7703,across,A2vB2,72,0.5631057703597252
10,697aa4b8d2b6c1b3b9d7ae2c,same,A1,36,0.8949584557661412
10,697aa4b8d2b6c1b3b9d7ae2c,same,B1,36,0.8849895572086429
10,697aa4b8d2b6c1b3b9d7ae2c,same,A2,36,0.3451098872536591
10,697aa4b8d2b6c1b3b9d7ae2c,same,B2,36,0.21621554529327744
10,697aa4b8d2b6c1b3b9d7ae2c,replication,A1vA2,72,0.16396719642336746
10,697aa4b8d2b6c1b3b9d7ae2c,replication,B1vB2,72,0.4824930442228185
10,697aa4b8d2b6c1b3b9d7ae2c,across,A1vB1,72,0.010673732634489397
10,697aa4b8d2b6c1b3b9d7ae2c,across,A2vB2,72,0.3173008779454004
10,698078075d3326e1b30bd1c3,same,A1,36,0.01432868410650831
10,698078075d3326e1b30bd1c3,same,B1,36,0.826863768166195
10,698078075d3326e1b30bd1c3,same,A2,36,0.7942156105194141
10,698078075d3326e1b30bd1c3,same,B2,36,0.9270525174936722
10,698078075d3326e1b30bd1c3,replication,A1vA2,72,0.3865704455821844
10,698078075d3326e1b30bd1c3,replication,B1vB2,72,0.11430689730844333
10,698078075d3326e1b30bd1c3,across,A1vB1,72,0.7852335299382663
10,698078075d3326e1b30bd1c3,across,A2vB2,72,0.028665959086229074
10,69825ba5f82e6ac78f401931,same,A1,36,0.8335549439974611
10,69825ba5f82e6ac78f401931,same,B1,36,0.12203204017347154
10,69825ba5f82e6ac78f401931,same,A2,36,0.5261019789601212
10,69825ba5f82e6ac78f401931,same,B2,36,0.3434217751515974
10,69825ba5f82e6ac78f401931,replication,A1vA2,72,0.3318630224918661
10,69825ba5f82e6ac78f401931,replication,B1vB2,72,0.5465424166847049
10,69825ba5f82e6ac78f401931,across,A1vB1,72,0.7752070532993329
10,69825ba5f82e6ac78f401931,across,A2vB2,72,0.9531293486518344
10,69861227e96662416a5b08ac,same,A1,36,0.7516304319270919
10,69861227e96662416a5b08ac,same,B1,36,0.7914066559286168
10,69861227e96662416a5b08ac,same,A2,36,0.10168500780340536
10,69861227e96662416a5b08ac,same,B2,36,0.7508089987807884
10,69861227e96662416a5b08ac,replication,A1vA2,72,0.32058207333913646
10,69861227e96662416a5b08ac,replication,B1vB2,72,0.16863925152386963
10,69861227e96662416a5b08ac,across,A1vB1,72,0.05716532967439571
10,69861227e96662416a5b08ac,across,A2vB2,72,0.39254606114944013
10,698754c1f51d3f9181f7952b,same,A1,36,0.15696573872000988
10,698754c1f51d3f9181f7952b,same,B1,36,0.6765714307501489
10,698754c1f51d3f9181f7952b,same,A2,36,0.363110864019998
10,698754c1f51d3f9181f7952b,same,B2,36,0.2083489088945261
10,698754c1f51d3f9181f7952b,replication,A1vA2,72,0.2602337390827044
10,698754c1f51d3f9181f7952b,replication,B1vB2,72,0.5985149395646717
10,698754c1f51d3f9181f7952b,across,A1vB1,72,0.6172202047027562
10,698754c1f51d3f9181f7952b,across,A2vB2,72,0.34450135309079677
10,699b19eb2744be8e2c9e73ed,same,A1,36,0.7226260058375454
10,699b19eb2744be8e2c9e73ed,same,B1,36,0.3861910111107269
10,699b19eb2744be8e2c9e73ed,same,A2,36,0.8653241991474703
10,699b19eb2744be8e2c9e73ed,same,B2,36,0.9459252560523371
10,699b19eb2744be8e2c9e73ed,replication,A1vA2,72,0.9227547475930389
10,699b19eb2744be8e2c9e73ed,replication,B1vB2,72,0.9946185307489794
10,699b19eb2744be8e2c9e73ed,across,A1vB1,72,0.5585177817378995
10,699b19eb2744be8e2c9e73ed,across,A2vB2,72,0.8843263889537182
10,69ab872f2dc6e02760face50,same,A1,36,0.9021702731986405
10,69ab872f2dc6e02760face50,same,B1,36,0.929473706775348
10,69ab872f2dc6e02760face50,same,A2,36,0.2724018259218279
10,69ab872f2dc6e02760face50,same,B2,36,0.6524354664418968
10,69ab872f2dc6e02760face50,replication,A1vA2,72,0.33991804070938975
10,69ab872f2dc6e02760face50,replication,B1vB2,72,0.9146851666250674
10,69ab872f2dc6e02760face50,across,A1vB1,72,0.783437410297644
10,69ab872f2dc6e02760face50,across,A2vB2,72,0.19785188696329833
10,69cbcb9a5c8b56847e4ebda5,same,A1,36,0.9686112138260129
10,69cbcb9a5c8b56847e4ebda5,same,B1,36,0.9101049470047039
10,69cbcb9a5c8b56847e4ebda5,same,A2,36,0.12515364812375318
10,69cbcb9a5c8b56847e4ebda5,same,B2,36,0.8643970896536504
10,69cbcb9a5c8b56847e4ebda5,replication,A1vA2,72,0.7466577194602874
10,69cbcb9a5c8b56847e4ebda5,replication,B1vB2,72,0.38788804199710325
10,69cbcb9a5c8b56847e4ebda5,across,A1vB1,72,0.8961595175504139
10,69cbcb9a5c8b56847e4ebda5,across,A2vB2,72,0.5646848499071841
10,69ed0ecd116ddecaafd2d726,same,A1,36,0.25510923996345625
10,69ed0ecd116ddecaafd2d726,same,B1,36,0.6178188515660759
10,69ed0ecd116ddecaafd2d726,same,A2,36,0.09571068870303188
10,69ed0ecd116ddecaafd2d726,same,B2,36,0.1644977517548449
10,69ed0ecd116ddecaafd2d726,replication,A1vA2,72,0.013784231678707933
10,69ed0ecd116ddecaafd2d726,replication,B1vB2,72,0.5300261903471923
10,69ed0ecd116ddecaafd2d726,across,A1vB1,72,0.17066021250281746
10,69ed0ecd116ddecaafd2d726,across,A2vB2,72,0.04930615681425182
10,6a0415c09c578ebcf634a8f7,same,A1,36,0.4160881171648843
10,6a0415c09c578ebcf634a8f7,same,B1,36,0.20472427410749997
10,6a0415c09c578ebcf634a8f7,same,A2,36,0.03815295765094434
10,6a0415c09c578ebcf634a8f7,same,B2,36,0.1857949957911677
10,6a0415c09c578ebcf634a8f7,replication,A1vA2,72,0.13251145392185987
10,6a0415c09c578ebcf634a8f7,replication,B1vB2,72,0.9346978086209815
10,6a0415c09c578ebcf634a8f7,across,A1vB1,72,0.8718460718636729
10,6a0415c09c578ebcf634a8f7,across,A2vB2,72,0.48974286027525243
10,6a17230d60e2a318a8073ab6,same,A1,36,0.2779118643639732
10,6a17230d60e2a318a8073ab6,same,B1,36,0.2827455574587781
10,6a17230d60e2a318a8073ab6,same,A2,36,0.2312813391233206
10,6a17230d60e2a318a8073ab6,same,B2,36,0.2813543194927481
10,6a17230d60e2a318a8073ab6,replication,A1vA2,72,0.29274807301763794
10,6a17230d60e2a318a8073ab6,replication,B1vB2,72,0.026808855683646174
10,6a17230d60e2a318a8073ab6,across,A1vB1,72,0.3541583317309453
10,6a17230d60e2a318a8073ab6,across,A2vB2,72,0.19797719357795085
10,6a19b14498b3d36bccc467cb,same,A1,36,0.5463680542113787
10,6a19b14498b3d36bccc467cb,same,B1,36,0.957242988718487
10,6a19b14498b3d36bccc467cb,same,A2,36,0.6691637515210853
10,6a19b14498b3d36bccc467cb,same,B2,36,0.0498026104849425
10,6a19b14498b3d36bccc467cb,replication,A1vA2,72,0.201760278188096
10,6a19b14498b3d36bccc467cb,replication,B1vB2,72,0.1405603908735496
10,6a19b14498b3d36bccc467cb,across,A1vB1,72,0.429878575534165
10,6a19b14498b3d36bccc467cb,across,A2vB2,72,0.6149181007842531
10,6a1e249fc87cc5282b9262b3,same,A1,36,0.761215044630033
10,6a1e249fc87cc5282b9262b3,same,B1,36,0.27648977858973345
10,6a1e249fc87cc5282b9262b3,same,A2,36,0.013591270473072903
10,6a1e249fc87cc5282b9262b3,same,B2,36,0.4332816978616053
10,6a1e249fc87cc5282b9262b3,replication,A1vA2,72,0.4398501064976843
10,6a1e249fc87cc5282b9262b3,replication,B1vB2,72,0.9207609831292288
10,6a1e249fc87cc5282b9262b3,across,A1vB1,72,0.6114042527438035
10,6a1e249fc87cc5282b9262b3,across,A2vB2,72,0.8864457007877643
10,6a22f88b62f94cd1d52e3d19,same,A1,36,0.4235461186682024
10,6a22f88b62f94cd1d52e3d19,same,B1,36,0.782653356670587
10,6a22f88b62f94cd1d52e3d19,same,A2,36,0.1975805331280071
10,6a22f88b62f94cd1d52e3d19,same,B2,36,0.9042581164971312
10,6a22f88b62f94cd1d52e3d19,replication,A1vA2,72,0.5230201370598482
10,6a22f88b62f94cd1d52e3d19,replication,B1vB2,72,0.34162979790178666
10,6a22f88b62f94cd1d52e3d19,across,A1vB1,72,0.7426668389491188
10,6a22f88b62f94cd1d52e3d19,across,A2vB2,72,0.036195549871359485
10,6a43a2cd49feba211cdecf86,same,A1,36,0.02330816588332431
10,6a43a2cd49feba211cdecf86,same,B1,36,0.8417088738513896
10,6a43a2cd49feba211cdecf86,same,A2,36,0.6444804378701563
10,6a43a2cd49feba211cdecf86,same,B2,36,0.28724294875259915
10,6a43a2cd49feba211cdecf86,replication,A1vA2,72,0.8440955414989955
10,6a43a2cd49feba211cdecf86,replication,B1vB2,72,0.3109829410147027
10,6a43a2cd49feba211cdecf86,across,A1vB1,72,0.7397807717089402
10,6a43a2cd49feba211cdecf86,across,A2vB2,72,0.4488220968318214
10,6a4407786c0afee02f74e0d0,same,A1,36,0.6358493176151183
10,6a4407786c0afee02f74e0d0,same,B1,36,0.8242126944633341
10,6a4407786c0afee02f74e0d0,same,A2,36,0.8870561391138342
10,6a4407786c0afee02f74e0d0,same,B2,36,0.5487058123685697
10,6a4407786c0afee02f74e0d0,replication,A1vA2,72,0.027145721480348793
10,6a4407786c0afee02f74e0d0,replication,B1vB2,72,0.05850381515450035
10,6a4407786c0afee02f74e0d0,across,A1vB1,72,0.9247654751778384
10,6a4407786c0afee02f74e0d0,across,A2vB2,72,0.9080291389026449
