participant_id,horizon,best_k,unbinned,binned3,binned10
5dbcdf38a39098278b46036c,1,8,0.8210927493445352,0.7662367955386075,0.3291952923552741
5dbcdf38a39098278b46036c,3,1,0.7265238867187085,0.6700192499960269,0.3442312219635918
5dbcdf38a39098278b46036c,5,2,0.6349260516815383,0.5666018826125417,0.29164774454743436
5dbcdf38a39098278b46036c,10,1,0.415389811131318,0.36537937126335884,0.1857196958256817
5f89a35824bee7076b6d536c,1,3,0.5689515278833928,0.452839828851895,0.2131173531293029
5f89a35824bee7076b6d536c,3,1,0.4781373227318484,0.36930641639854067,0.13698565628599102
5f89a35824bee7076b6d536c,5,1,0.38167304600471696,0.29162129528787817,0.07125812392297703
5f89a35824bee7076b6d536c,10,8,0.19923748736436997,0.15055012719645622,0.06810910727188468
60324e0d654dbd21e0e7fa2d,1,5,0.7480409370973337,0.6790530923874742,0.33260370317264343
60324e0d654dbd21e0e7fa2d,3,8,0.6485298909675574,0.594420597167228,0.27611429199119675
60324e0d654dbd21e0e7fa2d,5,8,0.5321777597349113,0.47745126271198446,0.13604081772078735
60324e0d654dbd21e0e7fa2d,10,8,0.2947015382118292,0.25956116646916483,-0.0448668853725922
650f06d2017a53e840c5af61,1,1,0.7710211077804683,0.6792384375277798,0.28537956579781065
650f06d2017a53e840c5af61,3,3,0.6520473745474413,0.5572877627351469,0.23614882684758398
650f06d2017a53e840c5af61,5,8,0.5339618306569567,0.4602493771165529,0.15927640187835224
650f06d2017a53e840c5af61,10,8,0.31395222495481523,0.2631354144759519,0.03058667456150166
664b8bef90cdb799d4c4c35d,1,1,0.7785457326317993,0.6707284632859982,0.373764977066703
664b8bef90cdb799d4c4c35d,3,1,0.6705796092271985,0.5943556575477089,0.28537187371076955
664b8bef90cdb799d4c4c35d,5,1,0.5685787770009586,0.4999918117843134,0.23012943520650886
664b8bef90cdb799d4c4c35d,10,8,0.3586603459247609,0.32252478305823007,0.06658324767478141
681b781064a5701a5ceee3bc,1,3,0.7595655028072033,0.6376165819424967,0.4223123119485329
681b781064a5701a5ceee3bc,3,3,0.6679079254219916,0.5511481219091513,0.3320086573176074
681b781064a5701a5ceee3bc,5,3,0.5594258647685826,0.4620646614695155,0.1989984694022653
681b781064a5701a5ceee3bc,10,8,0.35296696889205004,0.282158596961294,0.02655341271393119
6931bc7a9286300ba24d7703,1,5,0.4517685476798463,0.22690833599725768,0.10281109409395006
6931bc7a9286300ba24d7703,3,5,0.20725212793318581,0.03330337426184782,0.10021965487236173
6931bc7a9286300ba24d7703,5,2,0.08376310727876812,-0.046253726371192405,0.05566834790780384
6931bc7a9286300ba24d7703,10,1,0.010830413645255721,-0.1116183311068506,0.16223066440852463
697aa4b8d2b6c1b3b9d7ae2c,1,1,0.8478663513860004,0.7684265453250951,0.5689765414479311
697aa4b8d2b6c1b3b9d7ae2c,3,1,0.7620731864949745,0.6958349137422518,0.5238122641395947
697aa4b8d2b6c1b3b9d7ae2c,5,1,0.6699221922219873,0.6182982274207718,0.45999284822807607
697aa4b8d2b6c1b3b9d7ae2c,10,8,0.46123291325623905,0.4243764756952486,0.26850164967679424
698078075d3326e1b30bd1c3,1,3,0.7847188134733215,0.7142674802044281,0.31526421507198266
698078075d3326e1b30bd1c3,3,5,0.6789687876701014,0.6050223383829565,0.2636925074150279
698078075d3326e1b30bd1c3,5,3,0.5667120390480582,0.4848822074768063,0.22556522954046854
698078075d3326e1b30bd1c3,10,5,0.31840548339246755,0.2723311789857781,0.10135087488755123
69825ba5f82e6ac78f401931,1,1,0.8276280375591278,0.7605482389465616,0.48135578781923527
69825ba5f82e6ac78f401931,3,5,0.7283820468804676,0.6628864630030671,0.39866580724601697
69825ba5f82e6ac78f401931,5,8,0.6313893796767112,0.5680533024148269,0.27558194055677654
69825ba5f82e6ac78f401931,10,8,0.41403471500582334,0.36856471744114805,0.08711852707633028
69861227e96662416a5b08ac,1,1,0.7238589407731184,0.6637161904970834,0.18940687297285663
69861227e96662416a5b08ac,3,5,0.5813477278586718,0.5371701225682627,0.06306265740834383
69861227e96662416a5b08ac,5,8,0.4477393034842938,0.4016990843744328,-0.046491541023775174
69861227e96662416a5b08ac,10,8,0.2122577384666532,0.18953242328792574,-0.15176639048837548
698754c1f51d3f9181f7952b,1,5,0.7640515719783405,0.6676368995667183,0.19045816374458835
698754c1f51d3f9181f7952b,3,3,0.6449618575157428,0.5667647877474755,0.10832101379574699
698754c1f51d3f9181f7952b,5,3,0.5149427135993083,0.44155630248248323,0.03999768137532966
698754c1f51d3f9181f7952b,10,5,0.27323104196381265,0.22462213896839,0.06487925138483219
699b19eb2744be8e2c9e73ed,1,2,0.7915800416411829,0.7470011072877567,0.3398458944828794
699b19eb2744be8e2c9e73ed,3,2,0.7360450763294799,0.6793501459229306,0.19116763188731756
699b19eb2744be8e2c9e73ed,5,1,0.6575733612755466,0.5893956462941565,0.13173865365905812
699b19eb2744be8e2c9e73ed,10,1,0.44275419642510205,0.3680632813744754,-0.01502551027584409
69ab872f2dc6e02760face50,1,1,0.8010217235831979,0.6715127764803219,0.3609901927854676
69ab872f2dc6e02760face50,3,1,0.7028876773044692,0.6063446144609317,0.3273452882572868
69ab872f2dc6e02760face50,5,1,0.5936561569312974,0.5093728729799976,0.2823725824412907
69ab872f2dc6e02760face50,10,1,0.4006873631521394,0.33912741851130845,0.21933943999183536
69cbcb9a5c8b56847e4ebda5,1,1,0.7573844098353045,0.6478947035887055,0.31859746652789933
69cbcb9a5c8b56847e4ebda5,3,8,0.6444962226925663,0.5681557544461833,0.24753684800903986
69cbcb9a5c8b56847e4ebda5,5,8,0.5393739580497117,0.47706913896504466,0.1933901965221757
69cbcb9a5c8b56847e4ebda5,10,8,0.31478274469654766,0.2750069871263624,0.1288924276944854
69ed0ecd116ddecaafd2d726,1,2,0.4733861832551123,0.4131540304286708,0.06662963992241733
69ed0ecd116ddecaafd2d726,3,8,0.4140918305915434,0.3341424502957506,0.09338238931363363
69ed0ecd116ddecaafd2d726,5,8,0.31588823476086425,0.2613560100455491,0.13413547788721636
69ed0ecd116ddecaafd2d726,10,1,0.14563142988202415,0.10297335716755451,0.10153429094884414
6a0415c09c578ebcf634a8f7,1,1,0.714918678705118,0.6133534320646381,0.41082006772459023
6a0415c09c578ebcf634a8f7,3,1,0.6037089354165976,0.5156849468639308,0.25164529379212663
6a0415c09c578ebcf634a8f7,5,8,0.4962722939559129,0.42862476269993255,0.14991810162246688
6a0415c09c578ebcf634a8f7,10,8,0.30350926474815976,0.2609968711673416,0.0070223058045593145
6a17230d60e2a318a8073ab6,1,1,0.7613662164247901,0.7017162238576209,0.3652918038166959
6a17230d60e2a318a8073ab6,3,3,0.6518836996497769,0.5873689629151169,0.28014278482701993
6a17230d60e2a318a8073ab6,5,3,0.5365865939128633,0.47667543573456295,0.13649714062983753
6a17230d60e2a318a8073ab6,10,8,0.3054005048853641,0.2571578691087756,-0.020196514365832918
6a19b14498b3d36bccc467cb,1,1,0.4525115534979206,0.3003782070032288,0.09645984648452954
6a19b14498b3d36bccc467cb,3,1,0.38204491226423376,0.2037810673233147,-0.05874641729772878
6a19b14498b3d36bccc467cb,5,1,0.2804127727788226,0.1070011538264578,-0.09412927840290197
6a19b14498b3d36bccc467cb,10,1,0.122216583646238,0.04926567256199599,-0.04126396585935188
6a1e249fc87cc5282b9262b3,1,3,0.8536200691247647,0.8280366965634202,0.599886420097602
6a1e249fc87cc5282b9262b3,3,5,0.7732118376436476,0.7367104283251134,0.5469327378686479
6a1e249fc87cc5282b9262b3,5,3,0.6780033842801978,0.6379567836955459,0.46241587201986634
6a1e249fc87cc5282b9262b3,10,8,0.4708406853201622,0.43238640091941116,0.2878455769931447
6a22f88b62f94cd1d52e3d19,1,1,0.7005128744713558,0.633932453581205,-0.08645722482330442
6a22f88b62f94cd1d52e3d19,3,8,0.5820544768182525,0.5196026787887753,-0.017682542773812315
6a22f88b62f94cd1d52e3d19,5,8,0.4602218979992617,0.4088431975856921,-0.0829857907943492
6a22f88b62f94cd1d52e3d19,10,5,0.1716715431011805,0.14394503714690365,-0.07329655676239466
6a43a2cd49feba211cdecf86,1,1,0.6305525148360476,0.4938726612762505,0.17185562172734903
6a43a2cd49feba211cdecf86,3,8,0.4652133755165263,0.35550222316429236,0.04157051470022244
6a43a2cd49feba211cdecf86,5,8,0.3372412072124845,0.2649022068612301,-0.017684442059005434
6a43a2cd49feba211cdecf86,10,8,0.17197156673710567,0.13301158392762003,-0.06296254989978833
6a4407786c0afee02f74e0d0,1,1,0.6965838399114248,0.5827612692384619,0.19162600557216025
6a4407786c0afee02f74e0d0,3,3,0.5537357095911775,0.46094012959379427,0.16204084932663465
6a4407786c0afee02f74e0d0,5,8,0.4184457705417234,0.33949745995923375,0.14431188861013433
6a4407786c0afee02f74e0d0,10,8,0.22385373448175383,0.193415694755113,0.17050462352459783
