participant_id,comparison,condition_pair,color,contingency,dominant_cosine,top2_mean_angle_deg,top2_max_angle_deg,eigenvalue_distance,spectral_radius_diff,operator_frobenius_distance
5dbcdf38a39098278b46036c,same_color_diff_contingency,A1vB1,blue,left_rich,0.8294445655689688,17.964918714738943,35.92983742947787,0.15023009051832498,0.15023009051832498,0.945658031752989
5dbcdf38a39098278b46036c,diff_color_same_contingency,A1vB1,blue,left_rich,0.971951881176414,42.095013721987634,84.19002744397527,0.1797256289928872,0.1797256289928872,0.6135923711955131
5dbcdf38a39098278b46036c,same_color_diff_contingency,A1vB1,green,right_rich,0.9621924768874364,19.328204262936197,38.656408525872365,0.0680782115812858,0.0680782115812858,0.6144266591609305
5dbcdf38a39098278b46036c,diff_color_same_contingency,A1vB1,green,right_rich,0.9933362992748803,18.90741369661217,37.81482739322431,0.038582673106723586,0.038582673106723586,0.4508812929781843
5dbcdf38a39098278b46036c,same_color_diff_contingency,B1vA2,blue,right_rich,0.7423358203897026,35.402245512010566,70.80449102402113,0.060942560678766466,0.060942560678766466,0.8301862301926463
5dbcdf38a39098278b46036c,diff_color_same_contingency,B1vA2,blue,right_rich,0.9907693813442009,12.825326929514045,25.650653859028072,0.042590516019091584,0.042590516019091584,0.6259538864449711
5dbcdf38a39098278b46036c,same_color_diff_contingency,B1vA2,green,left_rich,0.8942026902091907,39.14166918331644,78.28333688785354,0.013094977544529374,0.013094977544529374,0.8595762090669852
5dbcdf38a39098278b46036c,diff_color_same_contingency,B1vA2,green,left_rich,0.9040018667589723,16.58109932209518,33.16219864419033,0.031447022204204256,0.031447022204204256,0.5244991530993308
5f89a35824bee7076b6d536c,same_color_diff_contingency,A1vB1,blue,left_rich,0.04328054844027751,46.29836836838805,46.29836836838805,0.32985804951133835,0.20227586861408914,0.7632876468607369
5f89a35824bee7076b6d536c,diff_color_same_contingency,A1vB1,blue,left_rich,0.06320958761967242,36.122734545614975,72.24546909122995,0.015713699370114798,0.015713699370114798,0.5296328847052282
5f89a35824bee7076b6d536c,same_color_diff_contingency,A1vB1,green,right_rich,0.8420183813692544,19.08272224064128,38.16544448128255,0.18597195744723702,0.18597195744723702,0.699203827026782
5f89a35824bee7076b6d536c,diff_color_same_contingency,A1vB1,green,right_rich,0.9011775845070843,1.7458909428378178,1.7458909428378178,0.19786699100978292,0.03201761053696692,0.5962369493120219
5f89a35824bee7076b6d536c,same_color_diff_contingency,B1vA2,blue,right_rich,0.6301178427725858,50.93910080845368,50.93910080845368,0.5790473593674209,0.27241128627953065,0.758624941227017
5f89a35824bee7076b6d536c,diff_color_same_contingency,B1vA2,blue,right_rich,0.8064866895549062,36.24592188898118,36.24592188898118,0.3383751329929059,0.2671004867312043,1.3444154245166986
5f89a35824bee7076b6d536c,same_color_diff_contingency,B1vA2,green,left_rich,0.8072509792763162,33.29373003764075,33.29373003764075,0.6569404116344782,0.049110918747000354,1.223601480023223
5f89a35824bee7076b6d536c,diff_color_same_contingency,B1vA2,green,left_rich,0.6486828923222614,24.425217306447443,48.85043461289489,0.8625419240582406,0.054421718295326715,0.9487156498527178
60324e0d654dbd21e0e7fa2d,same_color_diff_contingency,A1vB1,blue,right_rich,0.010023998203805146,33.46819754487198,66.93639508974395,0.15213034442497103,0.15213034442497103,1.2469106422665486
60324e0d654dbd21e0e7fa2d,diff_color_same_contingency,A1vB1,blue,right_rich,0.6354983167306063,36.73862637829091,36.73862637829091,0.6213913840479005,0.011344597887602781,1.237301999684244
60324e0d654dbd21e0e7fa2d,same_color_diff_contingency,A1vB1,green,left_rich,0.17013108197115373,68.04193382280643,68.04193382280643,0.8964258424570611,0.3039580735245599,1.2906025872810771
60324e0d654dbd21e0e7fa2d,diff_color_same_contingency,A1vB1,green,left_rich,0.989423797487571,4.1314280243342845,8.262856048668555,0.14048313121198608,0.14048313121198608,0.6195603091677044
60324e0d654dbd21e0e7fa2d,same_color_diff_contingency,B1vA2,blue,left_rich,0.8186682324314235,15.95091421066123,31.90182842132243,0.033695642441320506,0.033695642441320506,1.1922361019036418
60324e0d654dbd21e0e7fa2d,diff_color_same_contingency,B1vA2,blue,left_rich,0.3053956882996688,11.780102546627848,23.560205093255668,0.8429080339252641,0.15601299918915473,1.4020531664842208
60324e0d654dbd21e0e7fa2d,same_color_diff_contingency,B1vA2,green,right_rich,0.09106425936317061,57.121500683478864,57.121500683478864,0.2827466811167368,0.007461943123419079,0.6952388371569007
60324e0d654dbd21e0e7fa2d,diff_color_same_contingency,B1vA2,green,right_rich,0.0032106724432677605,58.808519456172014,58.808519456172014,0.7945998022300105,0.19717058475389432,1.0406183230196226
650f06d2017a53e840c5af61,same_color_diff_contingency,A1vB1,blue,right_rich,0.4929320538274921,40.62215070730389,81.24430141460778,0.17739627866685337,0.17739627866685337,1.0722369779782142
650f06d2017a53e840c5af61,diff_color_same_contingency,A1vB1,blue,right_rich,0.32898040744824314,1.3693921871665047,1.3693921871665047,0.6975429004081638,0.3076111566112485,0.6157637067743362
650f06d2017a53e840c5af61,same_color_diff_contingency,A1vB1,green,left_rich,0.3335735506693331,60.427331516939674,60.427331516939674,0.2511053921568086,0.1460326973360702,0.8374180436974128
650f06d2017a53e840c5af61,diff_color_same_contingency,A1vB1,green,left_rich,0.18106173528493477,37.51498220495139,75.02996440990277,0.7081768397858007,0.015817819391675036,0.6837152970504249
650f06d2017a53e840c5af61,same_color_diff_contingency,B1vA2,blue,left_rich,0.9835327247429966,32.75019029803254,65.50038059606509,0.05185357736497004,0.05185357736497004,1.2732644971332627
650f06d2017a53e840c5af61,diff_color_same_contingency,B1vA2,blue,left_rich,0.24494547067240618,19.932560778007392,39.86512155601474,0.5162828936213109,0.17607612677281484,0.9394709276428306
650f06d2017a53e840c5af61,same_color_diff_contingency,B1vA2,green,right_rich,0.6609084460459104,8.860372864686918,8.860372864686918,0.14734826600811538,0.04586124882841969,0.7588523492505949
650f06d2017a53e840c5af61,diff_color_same_contingency,B1vA2,green,right_rich,0.1472789884262445,74.19971807888776,74.19971807888776,0.5754223627491765,0.1820684553093652,0.9060040521314692
664b8bef90cdb799d4c4c35d,same_color_diff_contingency,A1vB1,blue,left_rich,0.2425094656034644,8.265023984777796,8.265023984777796,0.723584030673443,0.4017882107090457,1.1775141282314823
664b8bef90cdb799d4c4c35d,diff_color_same_contingency,A1vB1,blue,left_rich,0.7881506455011646,21.688364250014175,21.688364250014175,0.4505180496952557,0.4205817101918452,1.1716822539976741
664b8bef90cdb799d4c4c35d,same_color_diff_contingency,A1vB1,green,right_rich,0.0074347911832804295,85.22908064597209,85.22908064597209,0.49996977179813257,0.4227486522156162,1.1897913562332225
664b8bef90cdb799d4c4c35d,diff_color_same_contingency,A1vB1,green,right_rich,0.778505076818355,3.1461544367205976,3.1461544367205976,0.6903845634487422,0.4039551527328167,1.3696163259818563
664b8bef90cdb799d4c4c35d,same_color_diff_contingency,B1vA2,blue,right_rich,0.9393937471897975,32.89814279404333,65.79628473431302,0.25596147622505666,0.25596147622505666,1.0677921777373551
664b8bef90cdb799d4c4c35d,diff_color_same_contingency,B1vA2,blue,right_rich,0.5400352976571561,38.26083865878718,76.52167583879502,0.9395859435917959,0.20302672011636314,1.3862565983811488
664b8bef90cdb799d4c4c35d,same_color_diff_contingency,B1vA2,green,left_rich,0.21438709236945097,38.76412438341649,77.52824728805363,0.22182021959916265,0.22182021959916265,1.532265392995896
664b8bef90cdb799d4c4c35d,diff_color_same_contingency,B1vA2,green,left_rich,0.3284516925347013,32.560041544374315,65.12008223497499,0.9054446869659019,0.2747549757078562,1.1917559277048697
681b781064a5701a5ceee3bc,same_color_diff_contingency,A1vB1,blue,left_rich,0.04258166372092853,53.31153109053456,53.31153109053456,0.5921610707004509,0.167619776740154,1.3377503387436627
681b781064a5701a5ceee3bc,diff_color_same_contingency,A1vB1,blue,left_rich,0.933517698974146,20.97918946690891,20.97918946690891,0.5226650149522937,0.46319492873309687,1.0554631263517749
681b781064a5701a5ceee3bc,same_color_diff_contingency,A1vB1,green,right_rich,0.8691658019388434,3.7823205588035145,3.7823205588035145,0.41813934678354236,0.35608086152872787,0.9220817582029789
681b781064a5701a5ceee3bc,diff_color_same_contingency,A1vB1,green,right_rich,0.4342396378949819,60.157774963579804,60.157774963579804,0.517686473804065,0.06050570953578499,1.0156291356642586
681b781064a5701a5ceee3bc,same_color_diff_contingency,B1vA2,blue,right_rich,0.7557530818703595,5.146262252271193,5.146262252271193,0.5359662507392989,0.08832427454655606,1.0969247039933359
681b781064a5701a5ceee3bc,diff_color_same_contingency,B1vA2,blue,right_rich,0.8917180312347227,26.910065833845703,26.910065833845703,0.08218977787419933,0.03747012080444817,0.46033996022664375
681b781064a5701a5ceee3bc,same_color_diff_contingency,B1vA2,green,left_rich,0.08252233806583129,85.26643536501378,85.26643536501378,0.27934645604722674,0.2581050311884947,0.8767667229221043
681b781064a5701a5ceee3bc,diff_color_same_contingency,B1vA2,green,left_rich,0.8422029358889594,16.840159055161436,16.840159055161436,0.4451674003875165,0.38389942653949893,0.521190447679599
6931bc7a9286300ba24d7703,same_color_diff_contingency,A1vB1,blue,left_rich,0.6637462931597561,32.28904692199271,64.57809384398541,0.512240888982559,0.05137035790207514,0.8054689714799554
6931bc7a9286300ba24d7703,diff_color_same_contingency,A1vB1,blue,left_rich,0.9926805343937736,13.391944052658216,26.78388810531643,0.18887387547825274,0.18887387547825274,0.5225266785313158
6931bc7a9286300ba24d7703,same_color_diff_contingency,A1vB1,green,right_rich,0.05123786551777036,42.758141345813534,85.51628269162707,0.9092582201058627,0.032100777735276975,1.3844119172381943
6931bc7a9286300ba24d7703,diff_color_same_contingency,A1vB1,green,right_rich,0.8079158724694693,19.90423875880767,39.80847751761532,0.2081434556450509,0.2081434556450509,1.0342057655675665
6931bc7a9286300ba24d7703,same_color_diff_contingency,B1vA2,blue,right_rich,0.6371910382570405,35.871891625889454,71.74378325177891,0.5036980261485466,0.04282749506806274,0.582184096651282
6931bc7a9286300ba24d7703,diff_color_same_contingency,B1vA2,blue,right_rich,0.5007352652565927,36.24665839201824,72.49331678403648,0.5086904555651528,0.04781992448466896,0.695201994131777
6931bc7a9286300ba24d7703,same_color_diff_contingency,B1vA2,green,left_rich,0.011528912707009653,32.623471235307846,65.24694247061569,0.19242430889565892,0.19242430889565892,1.1665707503830902
6931bc7a9286300ba24d7703,diff_color_same_contingency,B1vA2,green,left_rich,0.9903846691237455,24.64415067480166,49.28830134960332,0.19741673831226514,0.19741673831226514,0.7257931491292894
697aa4b8d2b6c1b3b9d7ae2c,same_color_diff_contingency,A1vB1,blue,right_rich,0.03220946369190221,43.890472596570675,87.78094519314135,0.11723019023096526,0.11723019023096526,1.7370890367215188
697aa4b8d2b6c1b3b9d7ae2c,diff_color_same_contingency,A1vB1,blue,right_rich,0.24594812825178997,36.5585715585279,73.11714226328216,0.19584248298065915,0.19584248298065915,1.4110028855425654
697aa4b8d2b6c1b3b9d7ae2c,same_color_diff_contingency,A1vB1,green,left_rich,0.8417955355269445,14.80657233275766,14.80657233275766,0.12050754071667846,0.10530278366503604,1.3010203930966826
697aa4b8d2b6c1b3b9d7ae2c,diff_color_same_contingency,A1vB1,green,left_rich,0.6758467051922588,0.8122792029495839,0.8122792029495839,0.194899816461769,0.18391507641472993,1.6490980936834345
697aa4b8d2b6c1b3b9d7ae2c,same_color_diff_contingency,B1vA2,blue,left_rich,0.9837699300337022,7.834456787334964,15.668913574669904,0.09547576223015763,0.09547576223015763,0.7349880058047967
697aa4b8d2b6c1b3b9d7ae2c,diff_color_same_contingency,B1vA2,blue,left_rich,0.996892700379617,1.0752106296441393,2.1504212592882492,0.004575663229622606,0.004575663229622606,0.5407718855531264
697aa4b8d2b6c1b3b9d7ae2c,same_color_diff_contingency,B1vA2,green,right_rich,0.9110378399958353,9.83759063251357,19.67518126502712,0.0831879559793165,0.0831879559793165,0.5150094242263938
697aa4b8d2b6c1b3b9d7ae2c,diff_color_same_contingency,B1vA2,green,right_rich,0.8837404725484732,6.36567349466691,12.731346989333797,0.17408805497985153,0.17408805497985153,0.33854226086271816
698078075d3326e1b30bd1c3,same_color_diff_contingency,A1vB1,blue,left_rich,0.957517785802974,5.674988369428926,5.674988369428926,0.5289345350827143,0.15427978928067662,0.7395519041960212
698078075d3326e1b30bd1c3,diff_color_same_contingency,A1vB1,blue,left_rich,0.16782118684846678,79.23161828570422,79.23161828570422,0.7340181488024331,0.08988479965436474,0.6122980689394841
698078075d3326e1b30bd1c3,same_color_diff_contingency,A1vB1,green,right_rich,0.09652992099970552,84.0686801588475,84.0686801588475,0.6508505113990933,0.11688011839877688,0.9609490217788581
698078075d3326e1b30bd1c3,diff_color_same_contingency,A1vB1,green,right_rich,0.9765057703706378,12.439719720235164,12.439719720235164,0.4625221184784589,0.1272844705362645,0.4033291561182134
698078075d3326e1b30bd1c3,same_color_diff_contingency,B1vA2,blue,right_rich,0.5023312235452624,44.8995425604227,89.7990851208454,0.027447968498114345,0.027447968498114345,0.8103307769928152
698078075d3326e1b30bd1c3,diff_color_same_contingency,B1vA2,blue,right_rich,0.7532513811828574,1.5825067750813584,1.5825067750813584,0.26271819091781956,0.08278226474330186,0.324671055597714
698078075d3326e1b30bd1c3,same_color_diff_contingency,B1vA2,green,left_rich,0.5729773203664773,54.0632067182293,54.0632067182293,0.4855795376861749,0.3269468536783432,0.925818315334823
698078075d3326e1b30bd1c3,diff_color_same_contingency,B1vA2,green,left_rich,0.15868311016974934,35.582753158284056,71.16550546279447,0.21671662043692702,0.21671662043692702,0.8088978119169452
69825ba5f82e6ac78f401931,same_color_diff_contingency,A1vB1,blue,right_rich,0.6371262749380586,45.89479748015199,45.89479748015199,0.44219516768656575,0.004196996728160651,0.7917769645389683
69825ba5f82e6ac78f401931,diff_color_same_contingency,A1vB1,blue,right_rich,0.970290890385859,1.3442458169035574,1.3442458169035574,0.2625476761366131,0.15023835313065867,0.26988059229302164
69825ba5f82e6ac78f401931,same_color_diff_contingency,A1vB1,green,left_rich,0.2822124758850338,65.4530369462033,65.4530369462033,0.5684033917663444,0.21738633066827137,0.9587296619923257
69825ba5f82e6ac78f401931,diff_color_same_contingency,A1vB1,green,left_rich,0.11992913945751409,31.846242403735467,31.846242403735467,0.5884078593459982,0.07134497426577335,0.9655056212292846
69825ba5f82e6ac78f401931,same_color_diff_contingency,B1vA2,blue,left_rich,0.6786643195078605,46.80523487242496,46.80523487242496,0.40458386865924656,0.05881310891919472,0.834238219560187
69825ba5f82e6ac78f401931,diff_color_same_contingency,B1vA2,blue,left_rich,0.9688971223713225,14.32748759219498,14.32748759219498,0.17379637819698565,0.11577424368591932,0.6170295680746327
69825ba5f82e6ac78f401931,same_color_diff_contingency,B1vA2,green,right_rich,0.6370808068193543,50.42551456848836,50.42551456848836,0.269616675009565,0.2618156000884173,0.5336705318660804
69825ba5f82e6ac78f401931,diff_color_same_contingency,B1vA2,green,right_rich,0.9874824503011596,3.5573215637196705,3.5573215637196705,0.21354361617841913,0.0872282474833033,0.540282464468218
69861227e96662416a5b08ac,same_color_diff_contingency,A1vB1,blue,right_rich,0.7846007524171892,42.43418580390364,84.86837040038901,0.031119248255887133,0.031119248255887133,0.7984568952417788
69861227e96662416a5b08ac,diff_color_same_contingency,A1vB1,blue,right_rich,0.37193449812708756,60.17210725386794,60.17210725386794,0.2863548793992773,0.05922696599670807,1.2136790050671167
69861227e96662416a5b08ac,same_color_diff_contingency,A1vB1,green,left_rich,0.3213548144357958,27.303094410577387,27.303094410577387,0.3093456189084394,0.09442776940223158,1.775466087072146
69861227e96662416a5b08ac,diff_color_same_contingency,A1vB1,green,left_rich,0.09266532234067298,27.5978519103287,55.1957038206574,0.004081555149636373,0.004081555149636373,1.1367695260974338
69861227e96662416a5b08ac,same_color_diff_contingency,B1vA2,blue,left_rich,0.9832457498632178,2.946600064419919,2.946600064419919,0.22617710275920472,0.06708925763404505,1.0214568799559003
69861227e96662416a5b08ac,diff_color_same_contingency,B1vA2,blue,left_rich,0.3831882021586329,21.482077577548797,42.96415515509759,0.21941331808206266,0.21941331808206266,0.6725808464892545
69861227e96662416a5b08ac,same_color_diff_contingency,B1vA2,green,right_rich,0.7743520150953298,20.27375343868158,20.27375343868158,0.48313721931491277,0.30975953233465786,1.4203353900704483
69861227e96662416a5b08ac,diff_color_same_contingency,B1vA2,green,right_rich,0.8371753873109988,33.15696145416692,33.15696145416692,0.0871319615104082,0.02325695661855015,1.3648619883690738
698754c1f51d3f9181f7952b,same_color_diff_contingency,A1vB1,blue,left_rich,0.9954633478000581,15.674297026545185,31.348594053090338,0.12765481220197994,0.12765481220197994,0.6684883991356969
698754c1f51d3f9181f7952b,diff_color_same_contingency,A1vB1,blue,left_rich,0.2630387623123257,23.38042044920479,46.76084089840958,0.7339686195294064,0.11539831217241592,0.689146041714255
698754c1f51d3f9181f7952b,same_color_diff_contingency,A1vB1,green,right_rich,0.0737421660187716,52.19178964836324,52.19178964836324,0.35562108031004,0.003502034191755321,1.0495013172083967
698754c1f51d3f9181f7952b,diff_color_same_contingency,A1vB1,green,right_rich,0.3941867300484342,19.40063917837265,19.40063917837265,0.5004322683088692,0.015758534221319342,0.5658902279458075
698754c1f51d3f9181f7952b,same_color_diff_contingency,B1vA2,blue,right_rich,0.6786248952792191,35.13916110341936,70.27832220683872,0.724464243017193,0.13040693571933065,1.2211554951137384
698754c1f51d3f9181f7952b,diff_color_same_contingency,B1vA2,blue,right_rich,0.2768171632931648,37.89675646948589,75.79351293897177,0.04741645171556333,0.04741645171556333,1.030275007541682
698754c1f51d3f9181f7952b,same_color_diff_contingency,B1vA2,green,left_rich,0.8335723742978961,43.48049859059909,86.96099632742454,0.5588973556118632,0.05967295174512735,0.9662567183035278
698754c1f51d3f9181f7952b,diff_color_same_contingency,B1vA2,green,left_rich,0.5352901273530255,3.283403926104437,6.566807852208851,0.11815043568976663,0.11815043568976663,1.4633026580014732
699b19eb2744be8e2c9e73ed,same_color_diff_contingency,A1vB1,blue,right_rich,0.5286076382522615,53.05804615249613,53.05804615249613,0.7347349209711073,0.4501530357167023,0.9589111033633092
699b19eb2744be8e2c9e73ed,diff_color_same_contingency,A1vB1,blue,right_rich,0.24130091715093355,11.141592513790615,11.141592513790615,0.8706007860468329,0.5901688593865185,0.8675527704717882
699b19eb2744be8e2c9e73ed,same_color_diff_contingency,A1vB1,green,left_rich,0.1091930285089772,18.184883336652547,18.184883336652547,0.8071815721205594,0.33154572188817677,1.1091964001696737
699b19eb2744be8e2c9e73ed,diff_color_same_contingency,A1vB1,green,left_rich,0.23415891335875857,74.38506601435417,74.38506601435417,0.6946323347194764,0.19152989821836053,1.130135527285971
699b19eb2744be8e2c9e73ed,same_color_diff_contingency,B1vA2,blue,left_rich,0.6308402500287921,20.02069394293917,40.041387885878315,0.04217659821471775,0.04217659821471775,0.9511218065630855
699b19eb2744be8e2c9e73ed,diff_color_same_contingency,B1vA2,blue,left_rich,0.9726016897271643,41.08658454464568,82.17316908929136,0.03279077172919842,0.03279077172919842,1.3650878351945617
699b19eb2744be8e2c9e73ed,same_color_diff_contingency,B1vA2,green,right_rich,0.8299529756588895,10.13171928426177,20.26343856852353,0.10722505194061782,0.10722505194061782,0.8584593193810122
699b19eb2744be8e2c9e73ed,diff_color_same_contingency,B1vA2,green,right_rich,0.866929219213337,44.586049677844265,89.17209850191489,0.09783922545509849,0.09783922545509849,1.0465741990612032
69ab872f2dc6e02760face50,same_color_diff_contingency,A1vB1,blue,left_rich,0.5380496827126882,1.5357577814366552,1.5357577814366552,0.30149882338788436,0.220031033966746,0.6033636100043503
69ab872f2dc6e02760face50,diff_color_same_contingency,A1vB1,blue,left_rich,0.587731477431851,14.81141827555351,29.622836551107014,0.046691180118678566,0.046691180118678566,0.7450173266854614
69ab872f2dc6e02760face50,same_color_diff_contingency,A1vB1,green,right_rich,0.9546179821333162,7.054880608141869,14.109761216283712,0.013212795356827733,0.013212795356827733,0.6772798745550647
69ab872f2dc6e02760face50,diff_color_same_contingency,A1vB1,green,right_rich,0.4082521524085265,3.3433302277663555,3.3433302277663555,0.27328054714373395,0.18655264920489517,0.6324328506577317
69ab872f2dc6e02760face50,same_color_diff_contingency,B1vA2,blue,right_rich,0.269176230467356,4.986019594098426,4.986019594098426,0.19318778055793617,0.15507981207146387,0.7168555399965959
69ab872f2dc6e02760face50,diff_color_same_contingency,B1vA2,blue,right_rich,0.845398892734861,32.245039976784206,32.245039976784206,0.7471542755558932,0.11901703789014989,0.8678225832205265
69ab872f2dc6e02760face50,same_color_diff_contingency,B1vA2,green,left_rich,0.40236323621651526,22.08742414842754,44.17484829685505,0.9433137221237397,0.05432281595791755,0.735147194229209
69ab872f2dc6e02760face50,diff_color_same_contingency,B1vA2,green,left_rich,0.767158610389116,12.491052880831285,24.982105761662524,0.3284196659195313,0.3284196659195313,0.7567294580338906
69cbcb9a5c8b56847e4ebda5,same_color_diff_contingency,A1vB1,blue,left_rich,0.7757761394178107,44.55916714757428,89.11833429514856,0.7321450995515959,0.09519232440877051,1.1935149758480343
69cbcb9a5c8b56847e4ebda5,diff_color_same_contingency,A1vB1,blue,left_rich,0.5941949474776486,39.48868882266104,39.48868882266104,0.7111948080761022,0.14221248091585076,1.2651723855208306
69cbcb9a5c8b56847e4ebda5,same_color_diff_contingency,A1vB1,green,right_rich,0.27071698281664414,57.488510940179026,57.488510940179026,0.9494215431806872,0.12092785640338188,1.4240071267804966
69cbcb9a5c8b56847e4ebda5,diff_color_same_contingency,A1vB1,green,right_rich,0.9219837261632178,9.661915359023451,19.323830718046853,0.9952854368708285,0.16794801291046213,1.0804185607731982
69cbcb9a5c8b56847e4ebda5,same_color_diff_contingency,B1vA2,blue,right_rich,0.727732801396156,38.83442924325049,77.66885848650098,0.03897345703766114,0.03897345703766114,0.8155619081111254
69cbcb9a5c8b56847e4ebda5,diff_color_same_contingency,B1vA2,blue,right_rich,0.6479549432338906,17.709298539794954,35.41859707958985,0.12051571030416208,0.12051571030416208,0.5811713761576541
69cbcb9a5c8b56847e4ebda5,same_color_diff_contingency,B1vA2,green,left_rich,0.3295805587001758,46.18036073103861,46.18036073103861,0.4187052562428468,0.07349555379708184,1.1986451480466611
69cbcb9a5c8b56847e4ebda5,diff_color_same_contingency,B1vA2,green,left_rich,0.11925136762907462,50.1686307819273,50.1686307819273,0.3557771028159525,0.08599361354474139,0.8384334190718962
69ed0ecd116ddecaafd2d726,same_color_diff_contingency,A1vB1,blue,right_rich,0.956372832602562,9.966585881319192,9.966585881319192,0.32922612699258363,0.09214783374250657,0.5183927099085196
69ed0ecd116ddecaafd2d726,diff_color_same_contingency,A1vB1,blue,right_rich,0.7609333942616668,36.425312442287364,36.425312442287364,0.3779897110106875,0.035433680517471255,1.0435877163801386
69ed0ecd116ddecaafd2d726,same_color_diff_contingency,A1vB1,green,left_rich,0.6439793448009908,49.91080668270927,49.91080668270927,0.07919940495442762,0.024178512877026326,1.294008018420345
69ed0ecd116ddecaafd2d726,diff_color_same_contingency,A1vB1,green,left_rich,0.13863590781942955,82.03108019841058,82.03108019841058,0.1855655326191507,0.15176002713700415,0.44102961528200807
69ed0ecd116ddecaafd2d726,same_color_diff_contingency,B1vA2,blue,left_rich,0.42791200072789476,64.66487673205695,64.66487673205695,0.2517790615635261,0.24829767909568068,1.0457968484677813
69ed0ecd116ddecaafd2d726,diff_color_same_contingency,B1vA2,blue,left_rich,0.8970526459242373,4.7809154393071545,4.7809154393071545,0.27749135614421805,0.07406402665995429,0.415386097348907
69ed0ecd116ddecaafd2d726,same_color_diff_contingency,B1vA2,green,right_rich,0.24477767289231409,45.63760846838628,45.63760846838628,0.39955751296688113,0.05351748760002353,1.428550400961728
69ed0ecd116ddecaafd2d726,diff_color_same_contingency,B1vA2,green,right_rich,0.9850181701337677,9.930331958426224,9.930331958426224,0.17820480179021322,0.12071616483570285,0.547614611568577
6a0415c09c578ebcf634a8f7,same_color_diff_contingency,A1vB1,blue,left_rich,0.09947353578558177,64.29793666675586,64.29793666675586,0.45874871118178906,0.012895149795748795,0.8190228807563066
6a0415c09c578ebcf634a8f7,diff_color_same_contingency,A1vB1,blue,left_rich,0.715769137884608,12.28892687652504,24.577853753050057,0.03984324265239303,0.03984324265239303,0.5973524452329175
6a0415c09c578ebcf634a8f7,same_color_diff_contingency,A1vB1,green,right_rich,0.3018727620819003,44.24270581130161,88.48541162260322,0.41600369477101207,0.13173910564904012,0.6379923850250474
6a0415c09c578ebcf634a8f7,diff_color_same_contingency,A1vB1,green,right_rich,0.8768376929668592,17.621086764726087,17.621086764726087,0.31770187130375604,0.15868719850568436,0.8637663420969885
6a0415c09c578ebcf634a8f7,same_color_diff_contingency,B1vA2,blue,right_rich,0.2155885837253002,77.54993950061257,77.54993950061257,0.253644476597788,0.06958012582046069,1.0967968276299016
6a0415c09c578ebcf634a8f7,diff_color_same_contingency,B1vA2,blue,right_rich,0.40501524173136394,66.10791773049395,66.10791773049395,0.26879250516911785,0.1822022920029175,0.7175116063100911
6a0415c09c578ebcf634a8f7,same_color_diff_contingency,B1vA2,green,left_rich,0.9226468357317321,18.10484618231433,18.10484618231433,0.4503854275522476,0.20915038485956172,0.8670418804099596
6a0415c09c578ebcf634a8f7,diff_color_same_contingency,B1vA2,green,left_rich,0.44270110221478864,31.67413542155506,31.67413542155506,0.30343852014285955,0.09652821867710493,0.5891346617016332
6a17230d60e2a318a8073ab6,same_color_diff_contingency,A1vB1,blue,left_rich,0.6641255929458788,40.126757705197996,40.126757705197996,0.27444706851532163,0.08715117977683887,0.846499642124219
6a17230d60e2a318a8073ab6,diff_color_same_contingency,A1vB1,blue,left_rich,0.6986332309484332,4.05720678050099,4.05720678050099,0.2814807707294888,0.09650276101509933,0.5777915827706338
6a17230d60e2a318a8073ab6,same_color_diff_contingency,A1vB1,green,right_rich,0.5959416346298945,15.7152724318204,31.430544863640783,0.7699489193447842,0.17358174149834166,0.9288073249209747
6a17230d60e2a318a8073ab6,diff_color_same_contingency,A1vB1,green,right_rich,0.18712979024529927,33.2193651868666,66.4387303737332,0.7605973381065236,0.18293332273660212,1.0231455576603707
6a17230d60e2a318a8073ab6,same_color_diff_contingency,B1vA2,blue,right_rich,0.43816770673181643,58.274573097469094,58.274573097469094,0.33753177249755145,0.10897895894341658,0.8461219147354804
6a17230d60e2a318a8073ab6,diff_color_same_contingency,B1vA2,blue,right_rich,0.873669879210556,30.555541459021086,61.11108206426852,0.24849600932495952,0.24849600932495952,0.8784268743810234
6a17230d60e2a318a8073ab6,same_color_diff_contingency,B1vA2,green,left_rich,0.8787374939190449,23.41074396978211,46.82148646078489,0.23914442808669906,0.23914442808669906,0.989325298409476
6a17230d60e2a318a8073ab6,diff_color_same_contingency,B1vA2,green,left_rich,0.7378350056300907,13.592730362455457,13.592730362455457,0.34548160428722724,0.11833054018167705,0.5118259528779717
6a19b14498b3d36bccc467cb,same_color_diff_contingency,A1vB1,blue,left_rich,0.9330910421844567,13.964276981449439,27.928553962898867,0.050927857182708314,0.050927857182708314,0.935186398850449
6a19b14498b3d36bccc467cb,diff_color_same_contingency,A1vB1,blue,left_rich,0.48033672748310974,32.6427446573627,65.2854893147254,0.023400831116091814,0.023400831116091814,1.267162440849943
6a19b14498b3d36bccc467cb,same_color_diff_contingency,A1vB1,green,right_rich,0.5087069906706468,35.72401309320502,71.44802618641005,0.14994813188360756,0.14994813188360756,0.8145541144384941
6a19b14498b3d36bccc467cb,diff_color_same_contingency,A1vB1,green,right_rich,0.657763757901935,44.35653145945903,88.71306291891806,0.12242110581699106,0.12242110581699106,0.6352547794070807
6a19b14498b3d36bccc467cb,same_color_diff_contingency,B1vA2,blue,right_rich,0.3047570863612213,42.285730257699726,84.57146051539945,0.04352535996516693,0.04352535996516693,1.5114476857149117
6a19b14498b3d36bccc467cb,diff_color_same_contingency,B1vA2,blue,right_rich,0.888795138118609,8.54846874458176,17.09693748916351,0.011218550848195008,0.011218550848195008,0.35825968360550325
6a19b14498b3d36bccc467cb,same_color_diff_contingency,B1vA2,green,left_rich,0.7498370773399348,38.309385169111735,76.61877033822347,0.016308475218421492,0.016308475218421492,0.7539738942383288
6a19b14498b3d36bccc467cb,diff_color_same_contingency,B1vA2,green,left_rich,0.7394548693044554,20.505145072952043,41.01029014590406,0.07105238603178343,0.07105238603178343,1.1440756765098676
6a1e249fc87cc5282b9262b3,same_color_diff_contingency,A1vB1,blue,left_rich,0.5742956809294852,28.768487863886875,57.53697572777375,0.16098145762708166,0.16098145762708166,1.1492493940597026
6a1e249fc87cc5282b9262b3,diff_color_same_contingency,A1vB1,blue,left_rich,0.9468429669349525,13.043027098962078,26.086054197924103,0.21820315257738415,0.21820315257738415,0.5133960085512458
6a1e249fc87cc5282b9262b3,same_color_diff_contingency,A1vB1,green,right_rich,0.6095522810992413,52.4367657840367,52.4367657840367,0.38095991000138824,0.3742549278438619,1.1587770430128377
6a1e249fc87cc5282b9262b3,diff_color_same_contingency,A1vB1,green,right_rich,0.8130707449706516,35.35642566035874,35.35642566035874,0.32426102276180246,0.3170332328935594,0.8210454391219038
6a1e249fc87cc5282b9262b3,same_color_diff_contingency,B1vA2,blue,right_rich,0.7848131212726446,12.79647370609991,12.79647370609991,0.7021739811972941,0.24708770542306513,1.0893005635286583
6a1e249fc87cc5282b9262b3,diff_color_same_contingency,B1vA2,blue,right_rich,0.9014310178269187,2.7666542608055904,5.53330852161117,0.13986278669840313,0.13986278669840313,0.41930336756859526
6a1e249fc87cc5282b9262b3,same_color_diff_contingency,B1vA2,green,left_rich,0.7316919762945604,33.26411355130074,66.52822710260148,0.08264109174810064,0.08264109174810064,1.145348545144754
6a1e249fc87cc5282b9262b3,diff_color_same_contingency,B1vA2,green,left_rich,0.06113899359709377,75.96265873567656,75.96265873567656,0.7513602522884856,0.3043094003733676,0.43774802105776656
6a22f88b62f94cd1d52e3d19,same_color_diff_contingency,A1vB1,blue,right_rich,0.5662023651018885,55.514172589670316,55.514172589670316,0.07314555614990437,0.03477924734340859,1.06182910881761
6a22f88b62f94cd1d52e3d19,diff_color_same_contingency,A1vB1,blue,right_rich,0.4629791668965329,62.42048458858106,62.42048458858106,0.17520216685157575,0.12103183431137382,0.6848557793126683
6a22f88b62f94cd1d52e3d19,same_color_diff_contingency,A1vB1,green,left_rich,0.009476390750079779,87.03698091585484,87.03698091585484,0.5836176624132516,0.047910735884722,1.3807757113443124
6a22f88b62f94cd1d52e3d19,diff_color_same_contingency,A1vB1,green,left_rich,0.1449056985357435,21.215140535619625,21.215140535619625,0.5690561121627633,0.03834185108324323,0.92834432872206
6a22f88b62f94cd1d52e3d19,same_color_diff_contingency,B1vA2,blue,left_rich,0.31360679216311454,71.42805180654064,71.42805180654064,0.6248515824303228,0.08291432836954854,1.1894464398123388
6a22f88b62f94cd1d52e3d19,diff_color_same_contingency,B1vA2,blue,left_rich,0.3079512784965283,72.06419168771345,72.06419168771345,0.30564088769132,0.1552328935812579,0.8437949955462756
6a22f88b62f94cd1d52e3d19,same_color_diff_contingency,B1vA2,green,right_rich,0.7403865666607169,42.23564446523793,42.23564446523793,0.4099099208732558,0.24148548054922314,1.134496050504238
6a22f88b62f94cd1d52e3d19,diff_color_same_contingency,B1vA2,green,right_rich,0.011417848770505114,21.772785972507354,21.772785972507354,0.7275202423835379,0.003338258598416688,0.43792044197891805
6a43a2cd49feba211cdecf86,same_color_diff_contingency,A1vB1,blue,right_rich,0.5949841550962134,40.22080970749529,80.44161856121694,0.013822884834823412,0.013822884834823412,0.6793574471853351
6a43a2cd49feba211cdecf86,diff_color_same_contingency,A1vB1,blue,right_rich,0.4285532748971596,23.768620808493644,23.768620808493644,0.343846252259238,0.025788795168293743,0.46382582080347873
6a43a2cd49feba211cdecf86,same_color_diff_contingency,A1vB1,green,left_rich,0.6331587007838548,50.716447857937624,50.716447857937624,0.015855077456383287,0.014173378020383542,0.725898196293891
6a43a2cd49feba211cdecf86,diff_color_same_contingency,A1vB1,green,left_rich,0.5785243039741368,40.89800206976442,40.89800206976442,0.3704959894155778,0.025438301982733613,0.3404127464032859
6a43a2cd49feba211cdecf86,same_color_diff_contingency,B1vA2,blue,left_rich,0.7158458756940425,8.328716103252516,8.328716103252516,0.2393127631116159,0.047635300308310896,0.7015027130746723
6a43a2cd49feba211cdecf86,diff_color_same_contingency,B1vA2,blue,left_rich,0.8751930599966469,44.639779095156264,89.27955819031253,0.10143508431769269,0.10143508431769269,0.680563842229563
6a43a2cd49feba211cdecf86,same_color_diff_contingency,B1vA2,green,right_rich,0.041457005706741386,65.70741926958424,65.70741926958424,0.44249019410951423,0.14104676432080984,1.0146330314136587
6a43a2cd49feba211cdecf86,diff_color_same_contingency,B1vA2,green,right_rich,0.7630142681326307,40.269345422251924,40.269345422251924,0.13521385373671901,0.00802362030519374,0.6235192354827627
6a4407786c0afee02f74e0d0,same_color_diff_contingency,A1vB1,blue,right_rich,0.9766902039534419,11.077148677568497,11.077148677568497,0.39593845602508676,0.10455399441434193,1.203326893418609
6a4407786c0afee02f74e0d0,diff_color_same_contingency,A1vB1,blue,right_rich,0.835149845136549,6.851190343834014,6.851190343834014,0.25820048608760343,0.1184742106503267,0.40059778870501833
6a4407786c0afee02f74e0d0,same_color_diff_contingency,A1vB1,green,left_rich,0.35691102127431595,40.26940717942346,40.26940717942346,0.6971028439873779,0.1134510438628003,0.6722428092637787
6a4407786c0afee02f74e0d0,diff_color_same_contingency,A1vB1,green,left_rich,0.32273947108975665,67.91862779095055,67.91862779095055,0.8779223953068573,0.10957716120186833,1.3797813800357284
6a4407786c0afee02f74e0d0,same_color_diff_contingency,B1vA2,blue,left_rich,0.12062102710472812,83.07205483856302,83.07205483856302,0.13338235038801446,0.016802072125133627,1.6539132259192204
6a4407786c0afee02f74e0d0,diff_color_same_contingency,B1vA2,blue,left_rich,0.9809768280856874,10.587710087773551,10.587710087773551,0.4128040409105242,0.03621377015838839,0.9181084669574927
6a4407786c0afee02f74e0d0,same_color_diff_contingency,B1vA2,green,right_rich,0.7960994472311052,8.253410921649456,8.253410921649456,0.309718265526639,0.18681443490628025,0.9196249585396629
6a4407786c0afee02f74e0d0,diff_color_same_contingency,B1vA2,green,right_rich,0.3929096530043182,66.86433190854837,66.86433190854837,0.29679322112047746,0.23983027718980227,0.7404223633066426
