participant_id,color,contingency,stage_pair,n_early,n_late,dominant_cosine,top2_mean_angle_deg,top2_max_angle_deg,eigenvalue_distance,spectral_radius_diff,operator_frobenius_distance,early_predicts_late_skill
5dbcdf38a39098278b46036c,blue,A_rich,1v3,36,36,0.9705063349715808,28.888279437795507,57.776558875591014,0.20956558708895118,0.20956558708895118,0.6562653588997224,0.6097607714751754
5dbcdf38a39098278b46036c,blue,B_rich,2v4,36,36,0.8737580763807891,14.339649147205915,28.67929829441182,0.1575304047017148,0.1575304047017148,0.517971006590388,0.5859408966084363
5dbcdf38a39098278b46036c,green,A_rich,2v4,36,36,0.999779912186963,0.8337676887170398,1.6675353774340522,0.382660302295323,0.382660302295323,0.5790236484614311,0.4735441767593144
5dbcdf38a39098278b46036c,green,B_rich,1v3,36,36,0.9761529596859515,31.260411454807727,62.520822909615454,0.08022988163744094,0.08022988163744094,0.5362043632046762,0.6300665384945635
5f89a35824bee7076b6d536c,blue,A_rich,1v3,36,36,0.7018216996435918,25.485213086296476,50.97042496517468,0.8451970530225809,0.07002153036938652,0.8263785695131962,0.51652342551431
5f89a35824bee7076b6d536c,blue,B_rich,2v4,36,36,0.9428462709026542,19.464820374560567,19.464820374560567,0.34527482176547625,0.09599858605616027,0.9225728090945713,0.5182146945860209
5f89a35824bee7076b6d536c,green,A_rich,2v4,36,36,0.4046941005396962,29.98775993053663,29.98775993053663,0.6208521612345451,0.08382684335849322,0.9660117188352898,0.4032818874034356
5f89a35824bee7076b6d536c,green,B_rich,1v3,36,36,0.6705032209688402,23.046414899953106,23.046414899953106,0.5363024717056999,0.2373005115208703,0.9135725090141825,0.5050870884243654
60324e0d654dbd21e0e7fa2d,blue,A_rich,2v4,36,36,0.30014620587357516,32.96650342495346,65.93300684990692,0.8787875034854908,0.10288721377637422,1.2684405767898361,0.4456238148900378
60324e0d654dbd21e0e7fa2d,blue,B_rich,1v3,36,36,0.47742486642183224,57.481831585447814,57.481831585447814,0.19414677459128632,0.19103342953694313,0.8477799749479823,0.2670278375741686
60324e0d654dbd21e0e7fa2d,green,A_rich,1v3,36,36,0.1377720887007856,13.38407759869434,26.768155197388666,0.9030443618846073,0.34850459991195964,1.5757653560731284,0.4998853500459822
60324e0d654dbd21e0e7fa2d,green,B_rich,2v4,36,36,0.7609668799839655,32.9066390457794,32.9066390457794,0.4327384365124675,0.2107573010798391,0.8532707128688967,0.5922689235454182
650f06d2017a53e840c5af61,blue,A_rich,2v4,36,36,0.3489776350712861,38.81955530700908,77.63910976024452,0.931387134833427,0.2366441940103114,0.7726356329498706,0.4866592569589586
650f06d2017a53e840c5af61,blue,B_rich,1v3,36,36,0.31767326169509613,36.505503215006165,73.01100643001233,0.11825135309353607,0.11825135309353607,1.2860251685338913,0.38845004103668634
650f06d2017a53e840c5af61,green,A_rich,1v3,36,36,0.14819334809548207,44.879912642873364,89.75982407832846,0.1923933092163056,0.1923933092163056,0.6480312870881824,0.4313470781797504
650f06d2017a53e840c5af61,green,B_rich,2v4,36,36,0.3139430887919986,20.12312961969573,20.12312961969573,0.3631550985047484,0.27440204565157333,0.8100967045890751,0.5965684567106223
664b8bef90cdb799d4c4c35d,blue,A_rich,1v3,36,36,0.5745012877920596,32.18451948319946,32.18451948319946,0.47769818429271904,0.09311235789794259,1.343063296458491,0.10473493468988926
664b8bef90cdb799d4c4c35d,blue,B_rich,2v4,36,36,0.8051711678559681,24.557312461393323,24.557312461393323,0.3606000447646303,0.21809528522052313,1.0688633234939429,0.4041075932696999
664b8bef90cdb799d4c4c35d,green,A_rich,2v4,36,36,0.2631552184259057,35.86268014738464,71.72535944099563,0.8748533093271427,0.29672914338861683,1.3958900061530988,0.3519848969551407
664b8bef90cdb799d4c4c35d,green,B_rich,1v3,36,36,0.7120501358391875,10.965215934956907,10.965215934956907,0.2932785570665989,0.20161514378383077,1.3535568964376277,-0.2866333630908424
681b781064a5701a5ceee3bc,blue,A_rich,1v3,36,36,0.28722530915041783,27.696705438863344,55.393409170179396,0.09312305017180733,0.09312305017180733,1.0472786872024575,0.2573496969793261
681b781064a5701a5ceee3bc,blue,B_rich,2v4,36,36,0.4177417503181975,65.30790337287648,65.30790337287648,0.23861090545506158,0.035831108741859574,0.6296529004668485,0.5905339800292575
681b781064a5701a5ceee3bc,green,A_rich,2v4,36,36,0.9000693912861878,14.30920760544659,14.30920760544659,0.4529941577309683,0.3918801728122017,0.6763153948211963,0.6001349756714435
681b781064a5701a5ceee3bc,green,B_rich,1v3,36,36,0.19823510202264372,42.19124909752448,42.19124909752448,0.5712071527844246,0.10167359135954424,1.1446630689877961,0.4010305615413371
6931bc7a9286300ba24d7703,blue,A_rich,1v3,36,36,0.9805372111071873,11.65773482801482,23.3154696560296,0.007697884385102938,0.007697884385102938,0.4389532584106633,0.6141241311405694
6931bc7a9286300ba24d7703,blue,B_rich,2v4,36,36,0.7151820479292449,23.780684473242797,47.561368946485594,0.3529499048473682,0.3529499048473682,0.9055315166957094,0.5261548507562914
6931bc7a9286300ba24d7703,green,A_rich,2v4,36,36,0.817137155195172,42.515869027311766,85.03173805462353,0.20011988448156764,0.20011988448156764,1.2055388065502148,0.40192226726506364
6931bc7a9286300ba24d7703,green,B_rich,1v3,36,36,0.5703039320891644,29.82611109742036,59.65222219484072,0.7254494639146123,0.1663848912188422,1.4912812010635195,0.5374679682007084
697aa4b8d2b6c1b3b9d7ae2c,blue,A_rich,2v4,36,36,0.06845252567427287,3.062287555093837,3.062287555093837,0.8958679639784596,0.011119504354572984,0.7655080121010239,0.5636891210763628
697aa4b8d2b6c1b3b9d7ae2c,blue,B_rich,1v3,36,36,0.22042235482053618,38.441840059136176,76.88368011827235,0.0023460561117512047,0.0023460561117512047,1.5147791388650598,0.18937406688641623
697aa4b8d2b6c1b3b9d7ae2c,green,A_rich,1v3,36,36,0.7775681667733465,2.3674843396495535,2.3674843396495535,0.2047965988909297,0.19369297579420608,1.5887098940091418,0.10960206989091081
697aa4b8d2b6c1b3b9d7ae2c,green,B_rich,2v4,36,36,0.14557146434257445,24.92652388332754,49.85304776665508,0.797194739142737,0.05629239834555666,0.4097550758725408,0.569609420279292
698078075d3326e1b30bd1c3,blue,A_rich,1v3,36,36,0.5162400811912563,8.581358307190474,8.581358307190474,0.5510786783939056,0.12564265403888542,0.7278998762026182,0.4946481942913009
698078075d3326e1b30bd1c3,blue,B_rich,2v4,36,36,0.8607824634017942,17.206165518079672,34.41233103615932,0.28473612640378787,0.28473612640378787,0.4049762322336729,0.5782250486383207
698078075d3326e1b30bd1c3,green,A_rich,2v4,36,36,0.8168188588653629,9.172357055167174,9.172357055167174,0.40004712810942267,0.16461358295533274,0.7874187416074622,0.4300867678904864
698078075d3326e1b30bd1c3,green,B_rich,1v3,36,36,0.6773094757794974,47.36624793017364,47.36624793017364,0.21982452641871109,0.21042937601634934,0.485425182860981,0.5425551309526186
69825ba5f82e6ac78f401931,blue,A_rich,2v4,36,36,0.7404974063660379,42.22619578829248,42.22619578829248,0.32804595053711316,0.04576423109518862,0.5210775173817545,0.5619089567786306
69825ba5f82e6ac78f401931,blue,B_rich,1v3,36,36,0.9955241536660505,13.089367139591854,26.178734279183686,0.07038146813002372,0.07038146813002372,0.6579206344006374,0.5882407328820285
69825ba5f82e6ac78f401931,green,A_rich,1v3,36,36,0.4005176411266201,35.76946576820497,35.76946576820497,0.7477809023908167,0.038148994019608584,0.9860180894528563,0.35468733675824204
69825ba5f82e6ac78f401931,green,B_rich,2v4,36,36,0.9224751199962707,22.709347303519415,22.709347303519415,0.27517116202679176,0.24421584387595882,0.6055937228906065,0.5275989469432723
69861227e96662416a5b08ac,blue,A_rich,2v4,36,36,0.9380750215763836,16.156105926786587,32.31221185357315,0.03001269126195788,0.03001269126195788,0.4085073787465694,0.6271865153666556
69861227e96662416a5b08ac,blue,B_rich,1v3,36,36,0.7664421225575193,34.20433765210227,34.20433765210227,0.20995812273222156,0.03718678357524202,0.6925927570507828,0.6208878224701978
69861227e96662416a5b08ac,green,A_rich,1v3,36,36,0.7975933040173695,7.872713550921137,15.745427101842267,0.20631400900994795,0.20631400900994795,0.7104575682123905,0.5481786629137607
69861227e96662416a5b08ac,green,B_rich,2v4,36,36,0.8082622479968775,36.073505838709494,36.073505838709494,0.14993458729591017,0.048347618587715024,0.8019422863210537,0.40931953911369945
698754c1f51d3f9181f7952b,blue,A_rich,1v3,36,36,0.07842947959977847,20.62434804848378,41.24869609696753,0.0043706392177765285,0.0043706392177765285,1.4799527263813828,-0.00235769673734465
698754c1f51d3f9181f7952b,blue,B_rich,2v4,36,36,0.940214572041659,19.912377747544994,19.912377747544994,0.1068102158074669,0.10017731981932704,1.163715130043821,0.27816784756676827
698754c1f51d3f9181f7952b,green,A_rich,2v4,36,36,0.9024480316256468,17.11491061871664,17.11491061871664,0.36302216865755516,0.11248465997569818,0.9451764219741028,0.16194967731251853
698754c1f51d3f9181f7952b,green,B_rich,1v3,36,36,0.13695824280812469,8.522276084574289,8.522276084574289,0.46746507044062635,0.06315059000330892,0.9906005628921977,0.09837497618876623
699b19eb2744be8e2c9e73ed,blue,A_rich,2v4,36,36,0.832037472445765,35.696530293916055,71.39305973405847,0.0997740814969994,0.0997740814969994,1.895271030635064,0.14067904465804415
699b19eb2744be8e2c9e73ed,blue,B_rich,1v3,36,36,0.09473902061052517,76.14140339368737,76.14140339368737,0.7779669462468796,0.49308531648240306,0.9702343506668875,-0.8041864057936614
699b19eb2744be8e2c9e73ed,green,A_rich,1v3,36,36,0.30969191783164496,2.7312567605879683,2.7312567605879683,0.7310954724250535,0.22666421599756376,1.6316184501730162,-2.888237271584032
699b19eb2744be8e2c9e73ed,green,B_rich,2v4,36,36,0.12679542788728151,23.71661055595083,23.71661055595083,0.4823731398830494,0.3661093605633014,0.9400585911137469,0.3171242810708462
69ab872f2dc6e02760face50,blue,A_rich,1v3,36,36,0.9234246983123411,1.3108404920149122,2.6216809840298043,0.37333578474932,0.37333578474932,0.7624615742347283,0.35141164946436665
69ab872f2dc6e02760face50,blue,B_rich,2v4,36,36,0.1555912809888634,16.93404735501917,16.93404735501917,0.3406257832368223,0.2629967048633922,0.7819599765971353,0.02658600014765722
69ab872f2dc6e02760face50,green,A_rich,2v4,36,36,0.8216935814499056,18.601380521175066,37.20276104235012,0.08145950626415621,0.08145950626415621,0.5384451242248735,0.5008463128920377
69ab872f2dc6e02760face50,green,B_rich,1v3,36,36,0.44374646365801407,17.96812027860796,35.936240557215875,0.9561834408119727,0.06894662340969027,0.7487117528230187,0.5221264685984545
69cbcb9a5c8b56847e4ebda5,blue,A_rich,1v3,36,36,0.3465191419252601,41.31123536920704,82.62247073841408,0.6227531229386026,0.00806310090585316,0.7211433007086574,0.4004528114331526
69cbcb9a5c8b56847e4ebda5,blue,B_rich,2v4,36,36,0.34692863910805954,13.631330287401651,13.631330287401651,0.3841615093347593,0.07228306451430927,0.30574497034089493,0.6125966927363751
69cbcb9a5c8b56847e4ebda5,green,A_rich,2v4,36,36,0.38703953935939683,67.2295841423751,67.2295841423751,0.23043640564483903,0.04468039210683511,0.7970277700843005,0.5654117413790789
69cbcb9a5c8b56847e4ebda5,green,B_rich,1v3,36,36,0.7905832479538879,13.44221663673194,26.88443327346386,1.0625066700127763,0.08104209873406343,1.162751878134784,0.6015940899336826
69ed0ecd116ddecaafd2d726,blue,A_rich,2v4,36,36,0.024656725827350803,88.58713048883865,88.58713048883865,0.10059999973698246,0.008699536818290915,0.2921777709067754,0.44519384689931873
69ed0ecd116ddecaafd2d726,blue,B_rich,1v3,36,36,0.7023906878570597,33.52808707249753,33.52808707249753,0.5475512892559351,0.15717084946411464,0.8678400767718849,0.5430407337227035
69ed0ecd116ddecaafd2d726,green,A_rich,1v3,36,36,0.5485281060912732,21.0626895626991,21.0626895626991,0.47569754034680317,0.06822819204519076,0.6152671424850957,0.5011690254674928
69ed0ecd116ddecaafd2d726,green,B_rich,2v4,36,36,0.3996206561471102,66.44553399387699,66.44553399387699,0.12014535193014146,0.11656108130889725,1.0664800017005087,0.03366820462355158
6a0415c09c578ebcf634a8f7,blue,A_rich,1v3,36,36,0.9453622037954311,17.237689005969884,17.237689005969884,0.31661661607162606,0.05713641065371422,0.5855382239395182,0.560168641026784
6a0415c09c578ebcf634a8f7,blue,B_rich,2v4,36,36,0.2926080596867735,72.98583855864067,72.98583855864067,0.16536372523465517,0.10988786905666181,0.5913908433443443,0.5470533385423931
6a0415c09c578ebcf634a8f7,green,A_rich,2v4,36,36,0.6092153807127375,31.616620069787857,31.616620069787857,0.17289083336593478,0.04942057945224698,0.5807889333025048,0.5801924195661852
6a0415c09c578ebcf634a8f7,green,B_rich,1v3,36,36,0.01688378941978863,13.651329986220306,13.651329986220306,0.5619217654489181,0.34687166470739117,0.8010648488987698,0.5743613450866232
6a17230d60e2a318a8073ab6,blue,A_rich,1v3,36,36,0.9472199265164458,18.69827562070961,18.69827562070961,0.08109354318690712,0.02207944208411336,0.24218616604004203,0.5152976937031312
6a17230d60e2a318a8073ab6,blue,B_rich,2v4,36,36,0.6368042878527734,4.0925966073299564,4.0925966073299564,0.12898074503092027,0.07481624761621952,0.4773080728581565,0.574758650247512
6a17230d60e2a318a8073ab6,green,A_rich,2v4,36,36,0.7538938702672353,38.161627669434594,38.161627669434594,0.4792237151940553,0.028480751778835356,0.6663204004530993,0.4587508862543719
6a17230d60e2a318a8073ab6,green,B_rich,1v3,36,36,0.28984891819795056,39.065360597846556,78.13072119569311,1.0050549886828344,0.06640695517406664,1.2277460204823272,0.5484323999854743
6a19b14498b3d36bccc467cb,blue,A_rich,1v3,36,36,0.04716831291409075,32.444924928794386,64.88984985758877,0.0829061667748463,0.0829061667748463,2.3631510446347392,-0.1166086146825831
6a19b14498b3d36bccc467cb,blue,B_rich,2v4,36,36,0.3180848289452127,40.53676547619782,81.07353095239564,0.21581603069105226,0.21581603069105226,1.7170294549804013,0.292641617386722
6a19b14498b3d36bccc467cb,green,A_rich,2v4,36,36,0.6734650154334045,20.97914556882209,41.958291137644174,0.019707896579951756,0.019707896579951756,2.2916721825905504,0.06275502346710804
6a19b14498b3d36bccc467cb,green,B_rich,1v3,36,36,0.14809141875308468,37.90674297822417,75.81348595644835,0.13972969897186838,0.13972969897186838,1.0011854244418301,-0.12918947286276872
6a1e249fc87cc5282b9262b3,blue,A_rich,1v3,36,36,0.2061226292400431,52.25423390043098,52.25423390043098,0.5756077527559842,0.08420302243358052,0.5417752195918574,0.5757804152887951
6a1e249fc87cc5282b9262b3,blue,B_rich,2v4,36,36,0.9796950319440818,33.68921575463298,67.37843150926597,0.11097337953665198,0.11097337953665198,0.5815149714002964,0.598985721413096
6a1e249fc87cc5282b9262b3,green,A_rich,2v4,36,36,0.9745255369391644,4.8804584931695425,9.76091698633907,0.03331417451895913,0.03331417451895913,0.3238893352433242,0.6626576404877422
6a1e249fc87cc5282b9262b3,green,B_rich,1v3,36,36,0.6797720823789373,42.42010264326296,42.42010264326296,0.461259458174444,0.45587468636854683,0.7930742020435547,0.5361665831879459
6a22f88b62f94cd1d52e3d19,blue,A_rich,2v4,36,36,0.16613417260603078,80.43687280756025,80.43687280756025,0.14022358059785342,0.008410807717479152,0.9095158883217942,0.5781128942019664
6a22f88b62f94cd1d52e3d19,blue,B_rich,1v3,36,36,0.5475854265103444,26.521780389366423,26.521780389366423,0.5499855108603439,0.11601162550579941,0.739121655727748,0.5773307176975166
6a22f88b62f94cd1d52e3d19,green,A_rich,1v3,36,36,0.07938523439351901,49.26683160969704,49.26683160969704,0.6077784010829441,0.19588545896158321,1.33582037488338,0.3653790297159044
6a22f88b62f94cd1d52e3d19,green,B_rich,2v4,36,36,0.8900540898692921,27.11995542327587,27.11995542327587,0.4133990038881762,0.14841096565810247,0.634945742559907,0.6090184765146692
6a43a2cd49feba211cdecf86,blue,A_rich,2v4,36,36,0.7402940619240929,28.96589826250579,28.96589826250579,0.08667035024794081,0.06523063082272224,0.4800414472456813,0.6051567929965965
6a43a2cd49feba211cdecf86,blue,B_rich,1v3,36,36,0.6926905221572686,12.36107233623738,12.36107233623738,0.22709086566758524,0.035263394272829734,0.6133438864042022,0.39865069281049825
6a43a2cd49feba211cdecf86,green,A_rich,1v3,36,36,0.6882749821082873,30.276271738969427,30.276271738969427,0.45392857502217326,0.12400286969174318,0.6255433103709402,0.643992512760519
6a43a2cd49feba211cdecf86,green,B_rich,2v4,36,36,0.8169260585079241,35.221746224545186,35.221746224545186,0.4137417140411082,0.21716245843594317,0.8835838457329264,0.5746025101962359
6a4407786c0afee02f74e0d0,blue,A_rich,2v4,36,36,0.8376561261949452,33.106566268361945,33.106566268361945,0.15939262297833579,0.1582358807884004,0.9694291711750084,0.6270059803112813
6a4407786c0afee02f74e0d0,blue,B_rich,1v3,36,36,0.1064016371913875,54.776095598882506,54.776095598882506,0.5077255049251362,0.12206001018506735,0.9066082474295437,0.5526566773943767
6a4407786c0afee02f74e0d0,green,A_rich,1v3,36,36,0.17324618670017888,40.71174073825248,81.42347938519517,0.9208973263098088,0.07150892638491291,0.8126540359446672,0.6441401225862642
6a4407786c0afee02f74e0d0,green,B_rich,2v4,36,36,0.8996155154730032,25.89242560523848,25.89242560523848,0.17283021621283282,0.011386606838093394,0.9764786956752901,0.5695380981912859
