participant_id,prolific_pid,study_id,session_id,experiment_version,is_test,arm,timestamp_utc,elapsed_ms,response_time_ms,trial_index,context_index,trial_in_context,context_color,target_index,target_label,alternatives,target_position,chosen_position,chosen_index,chosen_label,correct,rewarded,points_total,error_disparity,match_shape,match_size,match_orientation,match_hue,navail_shape,navail_size,navail_orientation,navail_hue,advanced_after
local-cc9j9qhh,,,eigen-dynamics-1.0.0::local-cc9j9qhh,eigen-dynamics-1.0.0,1,deterministic,2026-09-12 22:51:36.785+00,15596,644,15,1,4,#4A2C4D,13,square|large|vertical|orange,"{2,13,5,0}",1,1,13,square|large|vertical|orange,1,1,15,0,1,1,1,1,2,3,2,1,
local-cc9j9qhh,,,eigen-dynamics-1.0.0::local-cc9j9qhh,eigen-dynamics-1.0.0,1,deterministic,2026-09-12 22:51:37.976+00,16787,839,16,1,5,#4A2C4D,13,square|large|vertical|orange,"{13,2,9,3}",0,0,13,square|large|vertical|orange,1,1,16,0,1,1,1,1,3,2,1,2,
local-cc9j9qhh,,,eigen-dynamics-1.0.0::local-cc9j9qhh,eigen-dynamics-1.0.0,1,deterministic,2026-09-12 22:51:39.168+00,17979,840,17,1,6,#4A2C4D,13,square|large|vertical|orange,"{0,9,13,6}",2,2,13,square|large|vertical|orange,1,1,17,0,1,1,1,1,2,3,2,2,
local-cc9j9qhh,,,eigen-dynamics-1.0.0::local-cc9j9qhh,eigen-dynamics-1.0.0,1,deterministic,2026-09-12 22:51:40.229+00,19041,710,18,1,7,#4A2C4D,13,square|large|vertical|orange,"{13,15,2,3}",0,0,13,square|large|vertical|orange,1,1,18,0,1,1,1,1,3,1,2,2,
local-cc9j9qhh,,,eigen-dynamics-1.0.0::local-cc9j9qhh,eigen-dynamics-1.0.0,1,deterministic,2026-09-12 22:51:41.309+00,20121,729,19,1,8,#4A2C4D,13,square|large|vertical|orange,"{10,1,14,13}",3,3,13,square|large|vertical|orange,1,1,19,0,1,1,1,1,2,2,2,3,
local-cc9j9qhh,,,eigen-dynamics-1.0.0::local-cc9j9qhh,eigen-dynamics-1.0.0,1,deterministic,2026-09-12 22:51:42.243+00,21054,582,20,1,9,#4A2C4D,13,square|large|vertical|orange,"{8,7,4,13}",3,3,13,square|large|vertical|orange,1,1,20,0,1,1,1,1,2,3,3,2,
local-cc9j9qhh,,,eigen-dynamics-1.0.0::local-cc9j9qhh,eigen-dynamics-1.0.0,1,deterministic,2026-09-12 22:51:43.301+00,22112,707,21,1,10,#4A2C4D,13,square|large|vertical|orange,"{4,15,13,10}",2,2,13,square|large|vertical|orange,1,1,21,0,1,1,1,1,2,2,3,3,
local-cc9j9qhh,,,eigen-dynamics-1.0.0::local-cc9j9qhh,eigen-dynamics-1.0.0,1,deterministic,2026-09-12 22:51:44.335+00,23146,682,22,1,11,#4A2C4D,13,square|large|vertical|orange,"{13,0,4,5}",0,0,13,square|large|vertical|orange,1,1,22,0,1,1,1,1,2,4,3,1,
local-cc9j9qhh,,,eigen-dynamics-1.0.0::local-cc9j9qhh,eigen-dynamics-1.0.0,1,deterministic,2026-09-12 22:51:45.451+00,24262,765,23,1,12,#4A2C4D,13,square|large|vertical|orange,"{6,7,2,13}",3,3,13,square|large|vertical|orange,1,1,23,0,1,1,1,1,2,1,3,1,criterion
local-cc9j9qhh,,,eigen-dynamics-1.0.0::local-cc9j9qhh,eigen-dynamics-1.0.0,1,deterministic,2026-09-12 22:51:46.734+00,25546,932,24,2,1,#1E4438,2,circle|small|horizontal|blue,"{3,11,5,2}",3,1,11,square|small|horizontal|orange,0,0,23,2,0,1,1,0,1,3,3,3,
local-cc9j9qhh,,,eigen-dynamics-1.0.0::local-cc9j9qhh,eigen-dynamics-1.0.0,1,deterministic,2026-09-12 22:51:47.893+00,26704,807,25,2,2,#1E4438,2,circle|small|horizontal|blue,"{3,12,2,10}",2,1,12,circle|large|vertical|orange,0,0,23,3,1,0,0,0,3,3,3,2,
local-cc9j9qhh,,,eigen-dynamics-1.0.0::local-cc9j9qhh,eigen-dynamics-1.0.0,1,deterministic,2026-09-12 22:51:48.868+00,27679,624,26,2,3,#1E4438,2,circle|small|horizontal|blue,"{2,6,5,12}",0,1,6,circle|small|vertical|blue,0,0,23,1,1,1,0,1,3,2,1,3,
local-cc9j9qhh,,,eigen-dynamics-1.0.0::local-cc9j9qhh,eigen-dynamics-1.0.0,1,deterministic,2026-09-12 22:51:50.101+00,28912,881,27,2,4,#1E4438,2,circle|small|horizontal|blue,"{3,6,2,4}",2,1,6,circle|small|vertical|blue,0,0,23,1,1,1,0,1,3,3,2,4,
local-cc9j9qhh,,,eigen-dynamics-1.0.0::local-cc9j9qhh,eigen-dynamics-1.0.0,1,deterministic,2026-09-12 22:51:50.851+00,29663,399,28,2,5,#1E4438,2,circle|small|horizontal|blue,"{3,2,7,15}",1,0,3,square|small|horizontal|blue,0,0,23,1,0,1,1,1,1,4,2,3,
local-cc9j9qhh,,,eigen-dynamics-1.0.0::local-cc9j9qhh,eigen-dynamics-1.0.0,1,deterministic,2026-09-12 22:51:51.943+00,30754,741,29,2,6,#1E4438,2,circle|small|horizontal|blue,"{2,8,0,5}",0,0,2,circle|small|horizontal|blue,1,1,24,0,1,1,1,1,3,1,3,3,
local-cc9j9qhh,,,eigen-dynamics-1.0.0::local-cc9j9qhh,eigen-dynamics-1.0.0,1,deterministic,2026-09-12 22:51:52.918+00,31729,624,30,2,7,#1E4438,2,circle|small|horizontal|blue,"{2,11,4,12}",0,0,2,circle|small|horizontal|blue,1,1,25,0,1,1,1,1,3,2,2,2,
local-cc9j9qhh,,,eigen-dynamics-1.0.0::local-cc9j9qhh,eigen-dynamics-1.0.0,1,deterministic,2026-09-12 22:51:53.876+00,32688,607,31,2,8,#1E4438,2,circle|small|horizontal|blue,"{8,7,2,12}",2,2,2,circle|small|horizontal|blue,1,1,26,0,1,1,1,1,3,2,2,2,
local-cc9j9qhh,,,eigen-dynamics-1.0.0::local-cc9j9qhh,eigen-dynamics-1.0.0,1,deterministic,2026-09-12 22:51:54.993+00,33804,766,32,2,9,#1E4438,2,circle|small|horizontal|blue,"{0,9,2,14}",2,2,2,circle|small|horizontal|blue,1,1,27,0,1,1,1,1,3,2,3,2,
local-cc9j9qhh,,,eigen-dynamics-1.0.0::local-cc9j9qhh,eigen-dynamics-1.0.0,1,deterministic,2026-09-12 22:51:55.879+00,34691,535,33,2,10,#1E4438,2,circle|small|horizontal|blue,"{15,4,2,0}",2,2,2,circle|small|horizontal|blue,1,1,28,0,1,1,1,1,3,2,2,3,
local-cc9j9qhh,,,eigen-dynamics-1.0.0::local-cc9j9qhh,eigen-dynamics-1.0.0,1,deterministic,2026-09-12 22:51:56.926+00,35738,694,34,2,11,#1E4438,2,circle|small|horizontal|blue,"{9,6,10,2}",3,3,2,circle|small|horizontal|blue,1,1,29,0,1,1,1,1,3,3,3,2,
local-cc9j9qhh,,,eigen-dynamics-1.0.0::local-cc9j9qhh,eigen-dynamics-1.0.0,1,deterministic,2026-09-12 22:51:57.893+00,36704,615,35,2,12,#1E4438,2,circle|small|horizontal|blue,"{14,15,2,4}",2,2,2,circle|small|horizontal|blue,1,1,30,0,1,1,1,1,3,3,1,2,
local-cc9j9qhh,,,eigen-dynamics-1.0.0::local-cc9j9qhh,eigen-dynamics-1.0.0,1,deterministic,2026-09-12 22:51:58.926+00,37738,681,36,2,13,#1E4438,2,circle|small|horizontal|blue,"{7,2,4,6}",1,3,6,circle|small|vertical|blue,0,0,30,1,1,1,0,1,3,3,1,4,
local-cc9j9qhh,,,eigen-dynamics-1.0.0::local-cc9j9qhh,eigen-dynamics-1.0.0,1,deterministic,2026-09-12 22:52:00.035+00,38846,757,37,2,14,#1E4438,2,circle|small|horizontal|blue,"{7,2,5,11}",1,1,2,circle|small|horizontal|blue,1,1,31,0,1,1,1,1,1,3,2,3,criterion
local-cc9j9qhh,,,eigen-dynamics-1.0.0::local-cc9j9qhh,eigen-dynamics-1.0.0,1,deterministic,2026-09-12 22:52:01.801+00,40612,1415,38,3,1,#5A3A1E,14,circle|small|vertical|orange,"{15,9,8,14}",3,0,15,square|small|vertical|orange,0,0,31,1,0,1,1,1,2,2,2,4,
local-cc9j9qhh,,,eigen-dynamics-1.0.0::local-cc9j9qhh,eigen-dynamics-1.0.0,1,deterministic,2026-09-12 22:52:02.777+00,41588,624,39,3,2,#5A3A1E,14,circle|small|vertical|orange,"{14,7,5,6}",0,0,14,circle|small|vertical|orange,1,1,32,0,1,1,1,1,2,3,4,1,
local-cc9j9qhh,,,eigen-dynamics-1.0.0::local-cc9j9qhh,eigen-dynamics-1.0.0,1,deterministic,2026-09-12 22:52:03.851+00,42662,716,40,3,3,#5A3A1E,14,circle|small|vertical|orange,"{15,3,12,14}",3,3,14,circle|small|vertical|orange,1,1,33,0,1,1,1,1,2,3,3,3,
local-cc9j9qhh,,,eigen-dynamics-1.0.0::local-cc9j9qhh,eigen-dynamics-1.0.0,1,deterministic,2026-09-12 22:52:04.801+00,43613,599,41,3,4,#5A3A1E,14,circle|small|vertical|orange,"{4,15,13,14}",3,3,14,circle|small|vertical|orange,1,1,34,0,1,1,1,1,2,2,4,3,
local-cc9j9qhh,,,eigen-dynamics-1.0.0::local-cc9j9qhh,eigen-dynamics-1.0.0,1,deterministic,2026-09-12 22:52:05.643+00,44454,489,42,3,5,#5A3A1E,14,circle|small|vertical|orange,"{0,9,6,14}",3,3,14,circle|small|vertical|orange,1,1,35,0,1,1,1,1,3,2,2,2,
local-cc9j9qhh,,,eigen-dynamics-1.0.0::local-cc9j9qhh,eigen-dynamics-1.0.0,1,deterministic,2026-09-12 22:52:06.659+00,45471,665,43,3,6,#5A3A1E,14,circle|small|vertical|orange,"{12,14,0,1}",1,1,14,circle|small|vertical|orange,1,1,36,0,1,1,1,1,3,1,2,2,
local-cc9j9qhh,,,eigen-dynamics-1.0.0::local-cc9j9qhh,eigen-dynamics-1.0.0,1,deterministic,2026-09-12 22:52:07.684+00,46496,673,44,3,7,#5A3A1E,14,circle|small|vertical|orange,"{14,4,10,13}",0,0,14,circle|small|vertical|orange,1,1,37,0,1,1,1,1,3,2,3,3,
local-cc9j9qhh,,,eigen-dynamics-1.0.0::local-cc9j9qhh,eigen-dynamics-1.0.0,1,deterministic,2026-09-12 22:52:08.718+00,47530,682,45,3,8,#5A3A1E,14,circle|small|vertical|orange,"{10,14,13,15}",1,1,14,circle|small|vertical|orange,1,1,38,0,1,1,1,1,2,3,3,4,
local-cc9j9qhh,,,eigen-dynamics-1.0.0::local-cc9j9qhh,eigen-dynamics-1.0.0,1,deterministic,2026-09-12 22:52:09.993+00,48804,922,46,3,9,#5A3A1E,14,circle|small|vertical|orange,"{6,15,4,14}",3,3,14,circle|small|vertical|orange,1,1,39,0,1,1,1,1,3,3,4,2,
local-cc9j9qhh,,,eigen-dynamics-1.0.0::local-cc9j9qhh,eigen-dynamics-1.0.0,1,deterministic,2026-09-12 22:52:10.943+00,49754,599,47,3,10,#5A3A1E,14,circle|small|vertical|orange,"{5,8,14,13}",2,2,14,circle|small|vertical|orange,1,1,40,0,1,1,1,1,2,1,3,3,
local-cc9j9qhh,,,eigen-dynamics-1.0.0::local-cc9j9qhh,eigen-dynamics-1.0.0,1,deterministic,2026-09-12 22:52:11.926+00,50738,632,48,3,11,#5A3A1E,14,circle|small|vertical|orange,"{2,14,9,6}",1,1,14,circle|small|vertical|orange,1,1,41,0,1,1,1,1,3,3,2,2,
local-cc9j9qhh,,,eigen-dynamics-1.0.0::local-cc9j9qhh,eigen-dynamics-1.0.0,1,deterministic,2026-09-12 22:52:13.076+00,51888,798,49,3,12,#5A3A1E,14,circle|small|vertical|orange,"{3,0,14,9}",2,2,14,circle|small|vertical|orange,1,1,42,0,1,1,1,1,2,2,1,2,criterion
local-cc9j9qhh,,,eigen-dynamics-1.0.0::local-cc9j9qhh,eigen-dynamics-1.0.0,1,deterministic,2026-09-12 22:52:14.484+00,53296,1057,50,4,1,#3B2E5A,1,square|large|horizontal|blue,"{6,9,1,13}",2,0,6,circle|small|vertical|blue,0,0,42,3,0,0,0,1,3,3,2,2,
local-cc9j9qhh,,,eigen-dynamics-1.0.0::local-cc9j9qhh,eigen-dynamics-1.0.0,1,deterministic,2026-09-12 22:52:15.551+00,54363,715,51,4,2,#3B2E5A,1,square|large|horizontal|blue,"{3,1,9,7}",1,1,1,square|large|horizontal|blue,1,1,43,0,1,1,1,1,4,2,3,3,
local-cc9j9qhh,,,eigen-dynamics-1.0.0::local-cc9j9qhh,eigen-dynamics-1.0.0,1,deterministic,2026-09-12 22:52:16.434+00,55246,532,52,4,3,#3B2E5A,1,square|large|horizontal|blue,"{12,1,11,6}",1,1,1,square|large|horizontal|blue,1,1,44,0,1,1,1,1,2,2,2,2,
local-cc9j9qhh,,,eigen-dynamics-1.0.0::local-cc9j9qhh,eigen-dynamics-1.0.0,1,deterministic,2026-09-12 22:52:17.376+00,56188,589,53,4,4,#3B2E5A,1,square|large|horizontal|blue,"{6,2,8,1}",3,3,1,square|large|horizontal|blue,1,1,45,0,1,1,1,1,1,2,3,3,
local-cc9j9qhh,,,eigen-dynamics-1.0.0::local-cc9j9qhh,eigen-dynamics-1.0.0,1,deterministic,2026-09-12 22:52:18.276+00,57088,548,54,4,5,#3B2E5A,1,square|large|horizontal|blue,"{2,1,8,13}",1,1,1,square|large|horizontal|blue,1,1,46,0,1,1,1,1,2,3,3,2,
local-cc9j9qhh,,,eigen-dynamics-1.0.0::local-cc9j9qhh,eigen-dynamics-1.0.0,1,deterministic,2026-09-12 22:52:19.384+00,58196,756,55,4,6,#3B2E5A,1,square|large|horizontal|blue,"{10,13,1,5}",2,2,1,square|large|horizontal|blue,1,1,47,0,1,1,1,1,3,3,2,2,
local-cc9j9qhh,,,eigen-dynamics-1.0.0::local-cc9j9qhh,eigen-dynamics-1.0.0,1,deterministic,2026-09-12 22:52:20.284+00,59096,549,56,4,7,#3B2E5A,1,square|large|horizontal|blue,"{3,6,1,2}",2,2,1,square|large|horizontal|blue,1,1,48,0,1,1,1,1,2,1,3,4,
local-cc9j9qhh,,,eigen-dynamics-1.0.0::local-cc9j9qhh,eigen-dynamics-1.0.0,1,deterministic,2026-09-12 22:52:21.11+00,59921,474,57,4,8,#3B2E5A,1,square|large|horizontal|blue,"{10,9,1,3}",2,2,1,square|large|horizontal|blue,1,1,49,0,1,1,1,1,3,2,4,2,
local-cc9j9qhh,,,eigen-dynamics-1.0.0::local-cc9j9qhh,eigen-dynamics-1.0.0,1,deterministic,2026-09-12 22:52:22.168+00,60979,706,58,4,9,#3B2E5A,1,square|large|horizontal|blue,"{5,13,7,1}",3,3,1,square|large|horizontal|blue,1,1,50,0,1,1,1,1,4,3,1,3,
local-cc9j9qhh,,,eigen-dynamics-1.0.0::local-cc9j9qhh,eigen-dynamics-1.0.0,1,deterministic,2026-09-12 22:52:23.134+00,61946,615,59,4,10,#3B2E5A,1,square|large|horizontal|blue,"{10,1,13,4}",1,1,1,square|large|horizontal|blue,1,1,51,0,1,1,1,1,2,3,2,2,
local-cc9j9qhh,,,eigen-dynamics-1.0.0::local-cc9j9qhh,eigen-dynamics-1.0.0,1,deterministic,2026-09-12 22:52:24.109+00,62921,624,60,4,11,#3B2E5A,1,square|large|horizontal|blue,"{13,0,1,6}",2,2,1,square|large|horizontal|blue,1,1,52,0,1,1,1,1,2,3,2,3,
local-cc9j9qhh,,,eigen-dynamics-1.0.0::local-cc9j9qhh,eigen-dynamics-1.0.0,1,deterministic,2026-09-12 22:52:25.201+00,64013,740,61,4,12,#3B2E5A,1,square|large|horizontal|blue,"{11,2,1,4}",2,2,1,square|large|horizontal|blue,1,1,53,0,1,1,1,1,2,2,3,3,criterion
local-cc9j9qhh,,,eigen-dynamics-1.0.0::local-cc9j9qhh,eigen-dynamics-1.0.0,1,deterministic,2026-09-12 22:52:26.796+00,65608,1245,62,5,1,#14434A,6,circle|small|vertical|blue,"{12,8,6,13}",2,2,6,circle|small|vertical|blue,1,1,54,0,1,1,1,1,3,1,3,1,
local-cc9j9qhh,,,eigen-dynamics-1.0.0::local-cc9j9qhh,eigen-dynamics-1.0.0,1,deterministic,2026-09-12 22:52:27.668+00,66479,521,63,5,2,#14434A,6,circle|small|vertical|blue,"{1,13,6,12}",2,2,6,circle|small|vertical|blue,1,1,55,0,1,1,1,1,2,1,3,2,
local-cc9j9qhh,,,eigen-dynamics-1.0.0::local-cc9j9qhh,eigen-dynamics-1.0.0,1,deterministic,2026-09-12 22:52:28.393+00,67204,374,64,5,3,#14434A,6,circle|small|vertical|blue,"{9,7,8,6}",3,2,8,circle|large|horizontal|orange,0,0,55,3,1,0,0,0,2,2,2,2,
local-cc9j9qhh,,,eigen-dynamics-1.0.0::local-cc9j9qhh,eigen-dynamics-1.0.0,1,deterministic,2026-09-12 22:52:29.343+00,68154,598,65,5,4,#14434A,6,circle|small|vertical|blue,"{6,0,10,13}",0,0,6,circle|small|vertical|blue,1,1,56,0,1,1,1,1,3,2,2,2,
local-cc9j9qhh,,,eigen-dynamics-1.0.0::local-cc9j9qhh,eigen-dynamics-1.0.0,1,deterministic,2026-09-12 22:52:30.276+00,69088,582,66,5,5,#14434A,6,circle|small|vertical|blue,"{6,11,14,8}",0,0,6,circle|small|vertical|blue,1,1,57,0,1,1,1,1,3,3,2,1,
local-cc9j9qhh,,,eigen-dynamics-1.0.0::local-cc9j9qhh,eigen-dynamics-1.0.0,1,deterministic,2026-09-12 22:52:31.184+00,69996,556,67,5,6,#14434A,6,circle|small|vertical|blue,"{6,0,15,9}",0,0,6,circle|small|vertical|blue,1,1,58,0,1,1,1,1,2,2,2,2,
local-cc9j9qhh,,,eigen-dynamics-1.0.0::local-cc9j9qhh,eigen-dynamics-1.0.0,1,deterministic,2026-09-12 22:52:32.887+00,71698,1351,68,5,7,#14434A,6,circle|small|vertical|blue,"{14,5,0,6}",3,3,6,circle|small|vertical|blue,1,1,59,0,1,1,1,1,3,2,3,3,
local-cc9j9qhh,,,eigen-dynamics-1.0.0::local-cc9j9qhh,eigen-dynamics-1.0.0,1,deterministic,2026-09-12 22:52:34.709+00,73521,1471,69,5,8,#14434A,6,circle|small|vertical|blue,"{6,14,2,15}",0,0,6,circle|small|vertical|blue,1,1,60,0,1,1,1,1,3,4,3,2,
local-cc9j9qhh,,,eigen-dynamics-1.0.0::local-cc9j9qhh,eigen-dynamics-1.0.0,1,deterministic,2026-09-12 22:52:35.684+00,74496,623,70,5,9,#14434A,6,circle|small|vertical|blue,"{6,10,13,3}",0,0,6,circle|small|vertical|blue,1,1,61,0,1,1,1,1,2,3,2,2,
local-cc9j9qhh,,,eigen-dynamics-1.0.0::local-cc9j9qhh,eigen-dynamics-1.0.0,1,deterministic,2026-09-12 22:52:37.076+00,75888,1040,71,5,10,#14434A,6,circle|small|vertical|blue,"{3,2,6,15}",2,2,6,circle|small|vertical|blue,1,1,62,0,1,1,1,1,2,4,2,3,
local-cc9j9qhh,,,eigen-dynamics-1.0.0::local-cc9j9qhh,eigen-dynamics-1.0.0,1,deterministic,2026-09-12 22:52:38.368+00,77180,941,72,5,11,#14434A,6,circle|small|vertical|blue,"{6,13,0,1}",0,0,6,circle|small|vertical|blue,1,1,63,0,1,1,1,1,2,1,2,3,
local-cc9j9qhh,,,eigen-dynamics-1.0.0::local-cc9j9qhh::probabilistic::4festyll,eigen-dynamics-1.0.0,1,probabilistic,2026-09-12 23:00:38.809+00,0,3678,0,0,1,#1F3A5F,3,square|small|horizontal|blue,"{3,11,7,1}",0,0,3,square|small|horizontal|blue,1,1,1,0,1,1,1,1,4,3,3,3,
local-cc9j9qhh,,,eigen-dynamics-1.0.0::local-cc9j9qhh::probabilistic::4festyll,eigen-dynamics-1.0.0,1,probabilistic,2026-09-12 23:00:39.925+00,1116,764,1,0,2,#1F3A5F,3,square|small|horizontal|blue,"{1,7,10,3}",3,3,3,square|small|horizontal|blue,1,1,2,0,1,1,1,1,3,3,3,3,
local-cc9j9qhh,,,eigen-dynamics-1.0.0::local-cc9j9qhh::probabilistic::4festyll,eigen-dynamics-1.0.0,1,probabilistic,2026-09-12 23:00:40.916+00,2108,639,2,0,3,#1F3A5F,3,square|small|horizontal|blue,"{3,1,12,6}",0,0,3,square|small|horizontal|blue,1,1,3,0,1,1,1,1,2,2,2,3,
local-cc9j9qhh,,,eigen-dynamics-1.0.0::local-cc9j9qhh::probabilistic::4festyll,eigen-dynamics-1.0.0,1,probabilistic,2026-09-12 23:00:41.941+00,3133,674,3,0,4,#1F3A5F,3,square|small|horizontal|blue,"{14,6,5,3}",3,3,3,square|small|horizontal|blue,1,1,4,0,1,1,1,1,2,3,1,3,
local-cc9j9qhh,,,eigen-dynamics-1.0.0::local-cc9j9qhh::probabilistic::4festyll,eigen-dynamics-1.0.0,1,probabilistic,2026-09-12 23:00:43.038+00,4229,744,4,0,5,#1F3A5F,3,square|small|horizontal|blue,"{5,15,3,10}",2,2,3,square|small|horizontal|blue,1,1,5,0,1,1,1,1,3,3,2,2,
local-cc9j9qhh,,,eigen-dynamics-1.0.0::local-cc9j9qhh::probabilistic::4festyll,eigen-dynamics-1.0.0,1,probabilistic,2026-09-12 23:00:44.021+00,5212,632,5,0,6,#1F3A5F,3,square|small|horizontal|blue,"{3,1,10,12}",0,0,3,square|small|horizontal|blue,1,1,6,0,1,1,1,1,2,2,3,2,criterion
local-cc9j9qhh,,,eigen-dynamics-1.0.0::local-cc9j9qhh::probabilistic::4festyll,eigen-dynamics-1.0.0,1,probabilistic,2026-09-12 23:00:45.038+00,6229,664,6,1,1,#4A2C4D,15,square|small|vertical|orange,"{9,15,3,5}",1,2,3,square|small|horizontal|blue,0,0,6,2,1,1,0,0,4,2,2,2,
local-cc9j9qhh,,,eigen-dynamics-1.0.0::local-cc9j9qhh::probabilistic::4festyll,eigen-dynamics-1.0.0,1,probabilistic,2026-09-12 23:00:46.429+00,7621,1040,7,1,2,#4A2C4D,15,square|small|vertical|orange,"{8,7,15,11}",2,1,7,square|small|vertical|blue,0,0,6,1,1,1,1,0,3,3,2,3,
local-cc9j9qhh,,,eigen-dynamics-1.0.0::local-cc9j9qhh::probabilistic::4festyll,eigen-dynamics-1.0.0,1,probabilistic,2026-09-12 23:00:47.196+00,8387,416,8,1,3,#4A2C4D,15,square|small|vertical|orange,"{3,13,5,15}",3,0,3,square|small|horizontal|blue,0,0,6,2,1,1,0,0,4,2,3,2,
local-cc9j9qhh,,,eigen-dynamics-1.0.0::local-cc9j9qhh::probabilistic::4festyll,eigen-dynamics-1.0.0,1,probabilistic,2026-09-12 23:00:47.854+00,9046,307,9,1,4,#4A2C4D,15,square|small|vertical|orange,"{5,9,15,12}",2,1,9,square|large|horizontal|orange,0,1,7,2,1,0,0,1,3,1,3,3,
local-cc9j9qhh,,,eigen-dynamics-1.0.0::local-cc9j9qhh::probabilistic::4festyll,eigen-dynamics-1.0.0,1,probabilistic,2026-09-12 23:00:48.913+00,10104,706,10,1,5,#4A2C4D,15,square|small|vertical|orange,"{9,15,8,0}",1,0,9,square|large|horizontal|orange,0,1,8,2,1,0,0,1,2,1,1,3,
local-cc9j9qhh,,,eigen-dynamics-1.0.0::local-cc9j9qhh::probabilistic::4festyll,eigen-dynamics-1.0.0,1,probabilistic,2026-09-12 23:00:51.538+00,12729,2273,11,1,6,#4A2C4D,15,square|small|vertical|orange,"{0,15,6,8}",1,2,6,circle|small|vertical|blue,0,0,8,2,0,1,1,0,1,2,2,2,
local-cc9j9qhh,,,eigen-dynamics-1.0.0::local-cc9j9qhh::probabilistic::4festyll,eigen-dynamics-1.0.0,1,probabilistic,2026-09-12 23:00:52.754+00,13946,865,12,1,7,#4A2C4D,15,square|small|vertical|orange,"{15,7,11,5}",0,2,11,square|small|horizontal|orange,0,0,8,1,1,1,0,1,4,3,3,2,
local-cc9j9qhh,,,eigen-dynamics-1.0.0::local-cc9j9qhh::probabilistic::4festyll,eigen-dynamics-1.0.0,1,probabilistic,2026-09-12 23:00:53.579+00,14771,473,13,1,8,#4A2C4D,15,square|small|vertical|orange,"{15,12,10,5}",0,0,15,square|small|vertical|orange,1,1,9,0,1,1,1,1,2,2,3,3,
local-cc9j9qhh,,,eigen-dynamics-1.0.0::local-cc9j9qhh::probabilistic::4festyll,eigen-dynamics-1.0.0,1,probabilistic,2026-09-12 23:00:54.621+00,15812,691,14,1,9,#4A2C4D,15,square|small|vertical|orange,"{13,15,8,6}",1,1,15,square|small|vertical|orange,1,1,10,0,1,1,1,1,2,2,3,3,
local-cc9j9qhh,,,eigen-dynamics-1.0.0::local-cc9j9qhh::probabilistic::4festyll,eigen-dynamics-1.0.0,1,probabilistic,2026-09-12 23:00:55.671+00,16863,698,15,1,10,#4A2C4D,15,square|small|vertical|orange,"{10,5,12,15}",3,3,15,square|small|vertical|orange,1,0,10,0,1,1,1,1,2,2,3,3,
local-cc9j9qhh,,,eigen-dynamics-1.0.0::local-cc9j9qhh::probabilistic::4festyll,eigen-dynamics-1.0.0,1,probabilistic,2026-09-12 23:00:56.971+00,18162,949,16,1,11,#4A2C4D,15,square|small|vertical|orange,"{10,11,0,15}",3,1,11,square|small|horizontal|orange,0,0,10,1,1,1,0,1,2,3,1,3,
local-cc9j9qhh,,,eigen-dynamics-1.0.0::local-cc9j9qhh::probabilistic::4festyll,eigen-dynamics-1.0.0,1,probabilistic,2026-09-12 23:00:58.179+00,19370,856,17,1,12,#4A2C4D,15,square|small|vertical|orange,"{2,15,9,1}",1,1,15,square|small|vertical|orange,1,1,11,0,1,1,1,1,3,2,1,2,criterion
local-cc9j9qhh,,,eigen-dynamics-1.0.0::local-cc9j9qhh::probabilistic::4festyll,eigen-dynamics-1.0.0,1,probabilistic,2026-09-12 23:00:59.659+00,20850,1128,18,2,1,#1E4438,12,circle|large|vertical|orange,"{10,8,12,0}",2,2,12,circle|large|vertical|orange,1,1,12,0,1,1,1,1,4,3,1,3,
local-cc9j9qhh,,,eigen-dynamics-1.0.0::local-cc9j9qhh::probabilistic::4festyll,eigen-dynamics-1.0.0,1,probabilistic,2026-09-12 23:01:00.529+00,21721,519,19,2,2,#1E4438,12,circle|large|vertical|orange,"{11,8,12,2}",2,2,12,circle|large|vertical|orange,1,1,13,0,1,1,1,1,3,2,1,3,
local-cc9j9qhh,,,eigen-dynamics-1.0.0::local-cc9j9qhh::probabilistic::4festyll,eigen-dynamics-1.0.0,1,probabilistic,2026-09-12 23:01:01.505+00,22696,624,20,2,3,#1E4438,12,circle|large|vertical|orange,"{12,13,10,14}",0,0,12,circle|large|vertical|orange,1,1,14,0,1,1,1,1,3,2,3,4,
local-cc9j9qhh,,,eigen-dynamics-1.0.0::local-cc9j9qhh::probabilistic::4festyll,eigen-dynamics-1.0.0,1,probabilistic,2026-09-12 23:01:02.483+00,23674,626,21,2,4,#1E4438,12,circle|large|vertical|orange,"{2,12,14,15}",1,1,12,circle|large|vertical|orange,1,1,15,0,1,1,1,1,3,1,3,3,
local-cc9j9qhh,,,eigen-dynamics-1.0.0::local-cc9j9qhh::probabilistic::4festyll,eigen-dynamics-1.0.0,1,probabilistic,2026-09-12 23:01:03.613+00,24804,778,22,2,5,#1E4438,12,circle|large|vertical|orange,"{10,12,8,5}",1,1,12,circle|large|vertical|orange,1,0,15,0,1,1,1,1,3,3,2,3,
local-cc9j9qhh,,,eigen-dynamics-1.0.0::local-cc9j9qhh::probabilistic::4festyll,eigen-dynamics-1.0.0,1,probabilistic,2026-09-12 23:01:04.905+00,26096,940,23,2,6,#1E4438,12,circle|large|vertical|orange,"{12,3,0,4}",0,1,3,square|small|horizontal|blue,0,0,15,4,0,0,0,0,3,3,2,1,criterion
local-cc9j9qhh,,,eigen-dynamics-1.0.0::local-cc9j9qhh::probabilistic::4festyll,eigen-dynamics-1.0.0,1,probabilistic,2026-09-12 23:01:06.684+00,27875,1428,24,3,1,#5A3A1E,15,square|small|vertical|orange,"{0,1,9,15}",3,2,9,square|large|horizontal|orange,0,0,15,2,1,0,0,1,3,1,1,2,
local-cc9j9qhh,,,eigen-dynamics-1.0.0::local-cc9j9qhh::probabilistic::4festyll,eigen-dynamics-1.0.0,1,probabilistic,2026-09-12 23:01:07.775+00,28967,740,25,3,2,#5A3A1E,15,square|small|vertical|orange,"{15,9,0,8}",0,1,9,square|large|horizontal|orange,0,0,15,2,1,0,0,1,2,1,1,3,
local-cc9j9qhh,,,eigen-dynamics-1.0.0::local-cc9j9qhh::probabilistic::4festyll,eigen-dynamics-1.0.0,1,probabilistic,2026-09-12 23:01:08.779+00,29970,651,26,3,3,#5A3A1E,15,square|small|vertical|orange,"{5,10,15,9}",2,1,10,circle|small|horizontal|orange,0,0,15,2,0,1,0,1,3,2,2,3,
local-cc9j9qhh,,,eigen-dynamics-1.0.0::local-cc9j9qhh::probabilistic::4festyll,eigen-dynamics-1.0.0,1,probabilistic,2026-09-12 23:01:09.784+00,30975,653,27,3,4,#5A3A1E,15,square|small|vertical|orange,"{10,15,0,6}",1,0,10,circle|small|horizontal|orange,0,0,15,2,0,1,0,1,1,3,2,2,
local-cc9j9qhh,,,eigen-dynamics-1.0.0::local-cc9j9qhh::probabilistic::4festyll,eigen-dynamics-1.0.0,1,probabilistic,2026-09-12 23:01:10.492+00,31684,358,28,3,5,#5A3A1E,15,square|small|vertical|orange,"{11,7,9,15}",3,2,9,square|large|horizontal|orange,0,0,15,2,1,0,0,1,4,3,2,3,
local-cc9j9qhh,,,eigen-dynamics-1.0.0::local-cc9j9qhh::probabilistic::4festyll,eigen-dynamics-1.0.0,1,probabilistic,2026-09-12 23:01:11.3+00,32492,457,29,3,6,#5A3A1E,15,square|small|vertical|orange,"{15,2,8,0}",0,0,15,square|small|vertical|orange,1,1,16,0,1,1,1,1,1,2,1,2,
local-cc9j9qhh,,,eigen-dynamics-1.0.0::local-cc9j9qhh::probabilistic::4festyll,eigen-dynamics-1.0.0,1,probabilistic,2026-09-12 23:01:12.4+00,33592,749,30,3,7,#5A3A1E,15,square|small|vertical|orange,"{8,3,15,5}",2,2,15,square|small|vertical|orange,1,0,16,0,1,1,1,1,3,2,2,2,
local-cc9j9qhh,,,eigen-dynamics-1.0.0::local-cc9j9qhh::probabilistic::4festyll,eigen-dynamics-1.0.0,1,probabilistic,2026-09-12 23:01:13.542+00,34734,790,31,3,8,#5A3A1E,15,square|small|vertical|orange,"{3,2,15,12}",2,3,12,circle|large|vertical|orange,0,0,16,2,0,0,1,1,2,3,2,2,
local-cc9j9qhh,,,eigen-dynamics-1.0.0::local-cc9j9qhh::probabilistic::4festyll,eigen-dynamics-1.0.0,1,probabilistic,2026-09-12 23:01:14.4+00,35592,508,32,3,9,#5A3A1E,15,square|small|vertical|orange,"{6,7,5,15}",3,3,15,square|small|vertical|orange,1,1,17,0,1,1,1,1,3,3,4,1,
local-cc9j9qhh,,,eigen-dynamics-1.0.0::local-cc9j9qhh::probabilistic::4festyll,eigen-dynamics-1.0.0,1,probabilistic,2026-09-12 23:01:15.6+00,36792,849,33,3,10,#5A3A1E,15,square|small|vertical|orange,"{15,10,14,4}",0,0,15,square|small|vertical|orange,1,1,18,0,1,1,1,1,1,3,3,3,criterion
local-cc9j9qhh,,,eigen-dynamics-1.0.0::local-cc9j9qhh::probabilistic::4festyll,eigen-dynamics-1.0.0,1,probabilistic,2026-09-12 23:01:16.849+00,38040,897,34,4,1,#3B2E5A,0,circle|large|horizontal|blue,"{1,11,0,7}",2,1,11,square|small|horizontal|orange,0,0,18,3,0,0,1,0,1,2,3,3,
local-cc9j9qhh,,,eigen-dynamics-1.0.0::local-cc9j9qhh::probabilistic::4festyll,eigen-dynamics-1.0.0,1,probabilistic,2026-09-12 23:01:17.988+00,39179,789,35,4,2,#3B2E5A,0,circle|large|horizontal|blue,"{9,0,7,12}",1,3,12,circle|large|vertical|orange,0,1,19,2,1,1,0,0,2,3,2,2,
local-cc9j9qhh,,,eigen-dynamics-1.0.0::local-cc9j9qhh::probabilistic::4festyll,eigen-dynamics-1.0.0,1,probabilistic,2026-09-12 23:01:19.404+00,40596,1065,36,4,3,#3B2E5A,0,circle|large|horizontal|blue,"{1,7,14,0}",3,2,14,circle|small|vertical|orange,0,0,19,3,1,0,0,0,2,2,2,3,
local-cc9j9qhh,,,eigen-dynamics-1.0.0::local-cc9j9qhh::probabilistic::4festyll,eigen-dynamics-1.0.0,1,probabilistic,2026-09-12 23:01:21.105+00,42296,1348,37,4,4,#3B2E5A,0,circle|large|horizontal|blue,"{10,0,1,15}",1,1,0,circle|large|horizontal|blue,1,1,20,0,1,1,1,1,2,2,3,2,
local-cc9j9qhh,,,eigen-dynamics-1.0.0::local-cc9j9qhh::probabilistic::4festyll,eigen-dynamics-1.0.0,1,probabilistic,2026-09-12 23:01:22.063+00,43254,606,38,4,5,#3B2E5A,0,circle|large|horizontal|blue,"{14,0,15,12}",1,1,0,circle|large|horizontal|blue,1,0,20,0,1,1,1,1,3,2,1,1,
local-cc9j9qhh,,,eigen-dynamics-1.0.0::local-cc9j9qhh::probabilistic::4festyll,eigen-dynamics-1.0.0,1,probabilistic,2026-09-12 23:01:23.796+00,44988,1382,39,4,6,#3B2E5A,0,circle|large|horizontal|blue,"{5,6,14,0}",3,3,0,circle|large|horizontal|blue,1,0,20,0,1,1,1,1,3,2,1,3,
local-cc9j9qhh,,,eigen-dynamics-1.0.0::local-cc9j9qhh::probabilistic::4festyll,eigen-dynamics-1.0.0,1,probabilistic,2026-09-12 23:01:24.763+00,45955,615,40,4,7,#3B2E5A,0,circle|large|horizontal|blue,"{15,0,7,8}",1,1,0,circle|large|horizontal|blue,1,0,20,0,1,1,1,1,2,2,2,2,criterion
local-cc9j9qhh,,,eigen-dynamics-1.0.0::local-cc9j9qhh::probabilistic::4festyll,eigen-dynamics-1.0.0,1,probabilistic,2026-09-12 23:01:25.741+00,46933,626,41,5,1,#14434A,15,square|small|vertical|orange,"{4,1,15,0}",2,1,1,square|large|horizontal|blue,0,0,20,3,1,0,0,0,2,1,2,1,
local-cc9j9qhh,,,eigen-dynamics-1.0.0::local-cc9j9qhh::probabilistic::4festyll,eigen-dynamics-1.0.0,1,probabilistic,2026-09-12 23:01:26.846+00,48038,753,42,5,2,#14434A,15,square|small|vertical|orange,"{15,1,8,3}",0,1,1,square|large|horizontal|blue,0,1,21,3,1,0,0,0,3,2,1,2,
local-cc9j9qhh,,,eigen-dynamics-1.0.0::local-cc9j9qhh::probabilistic::4festyll,eigen-dynamics-1.0.0,1,probabilistic,2026-09-12 23:01:28.546+00,49737,1348,43,5,3,#14434A,15,square|small|vertical|orange,"{11,2,8,15}",3,2,8,circle|large|horizontal|orange,0,0,21,3,0,0,0,1,2,3,1,3,
local-cc9j9qhh,,,eigen-dynamics-1.0.0::local-cc9j9qhh::probabilistic::4festyll,eigen-dynamics-1.0.0,1,probabilistic,2026-09-12 23:01:29.505+00,50696,607,44,5,4,#14434A,15,square|small|vertical|orange,"{15,1,13,3}",0,1,1,square|large|horizontal|blue,0,0,21,3,1,0,0,0,4,2,2,2,
