participant_id,context,n_early,n_late,rho_early,rho_late,dominant_cosine,top2_mean_angle_deg,top2_max_angle_deg,eigenvalue_distance,spectral_radius_diff,operator_frobenius_distance,early_predicts_late_mse,early_predicts_late_skill,bin_clicks
P01,1,13,13,0.17137129030911835,0.2732377158758806,0.39692324786635574,52.008245079161576,52.008245079161576,0.4393475722686236,0.10186642556676223,0.9207979521961598,1.6642569321158367,0.40680403200275317,10
P01,2,12,13,0.35671467668027107,0.29047759253949085,0.374220708817847,33.25967269022504,43.988091359106946,0.06623708414078022,0.06623708414078022,0.9976542696003476,1.654470289687997,0.5308266045245649,10
P01,3,12,13,0.2948888306823122,0.38389826552887857,0.18368082655110543,79.41576857323041,79.41576857323041,0.518492851540731,0.08900943484656637,1.1851513064024333,1.790783179122837,0.5167050312154409,10
P01,4,13,13,0.23961778692314958,0.31540028617943605,0.8116289996174902,18.798012931141308,18.798012931141308,0.384910681733138,0.07578249925628647,0.8629125037376411,0.9511893898637663,0.5422700958788882,10
P02,1,6,6,0.38251491271757504,0.4438648362693328,0.6678785132045444,41.11119318648418,41.11119318648418,0.8256458216263836,0.06134992355175778,2.370632923072724,85.37839641369533,-4.17566498695382,10
P02,2,7,8,0.289743597787951,0.19617886104701526,0.9542995813895695,17.21410716491137,17.21410716491137,0.43985028769755335,0.09356473674093574,0.7052466447386518,11.166175641145522,-0.00668308155787245,10
P02,3,8,8,0.07080319216838445,0.41595703831558234,0.8001609694363027,36.85452344653163,36.85452344653163,0.3538919579481732,0.3451538461471979,0.7194777521810403,1.3798161857407831,0.4413613248854201,10
P02,4,5,6,0.2768516848322865,0.21096915907916142,0.31892660026017566,40.88673742517725,40.88673742517725,0.21947628981278866,0.06588252575312509,0.4854236611435753,1.1370679694721424,0.38731616465646956,10
P03,1,10,11,0.7582783882702653,1.0527422046865145,0.9054021984097902,19.391988453080508,30.387683885171175,0.2944638164162492,0.2944638164162492,3.450314715595629,3.353507286493306,-6.0293663559437,10
P03,2,11,11,0.6476682794001181,0.8847483631548032,0.1952379080705601,78.74137814892698,78.74137814892698,0.248096267853613,0.23708008375468514,3.3735214997008476,4.060938506195291,-0.2677760753575451,10
P03,3,11,11,0.43372607999234164,0.5855781535590938,0.9028368117464171,23.11144779765092,23.11144779765092,0.8078512438840966,0.15185207356675218,1.9181262977590874,1.2082149101072939,0.11649550211132365,10
P03,4,6,7,1.0120095832023268,1.8331449678821472,0.5870671767866736,54.04635690323311,64.65830668106857,0.8211353846798204,0.8211353846798204,8.964246855537626,8.133572352956548,-2.0906266385542156,10
P04,1,13,13,0.5426873754246208,0.23168729876486346,0.7581827940237275,22.11973153449068,30.967592091582784,0.31100007665975726,0.31100007665975726,0.6531648531648934,1.3567430195125867,-0.22743872055748282,10
P04,2,12,13,0.4192174715785261,0.3620123868563438,0.07562888204900825,34.64023802169216,63.284220718531934,0.7812298584348699,0.05720508472218233,0.6751089382920695,0.739387805186214,0.5240209012881354,10
P04,3,14,14,0.46223625681475144,0.40861510765479364,0.16897940333751316,55.32776325125552,73.29903403467897,0.870851364469545,0.053621149159957804,0.7691163011225363,0.6051457647119254,0.6078028308536045,10
P04,4,14,15,0.3420060340981697,0.38589273935954044,0.8143846893283072,34.62140630109427,34.62140630109427,0.6980650351304785,0.04388670526137073,0.9528730229182554,3.0496787169212594,0.48468167717955835,10
P05,1,10,11,0.5023941401282961,0.17384407409543134,0.25105487887932043,57.47421504064375,57.47421504064375,0.40362084161436806,0.32855006603286474,0.7381183540971883,3.890679206455827,-1.2770160974336036,10
P05,2,11,11,0.3889715051241849,0.49689935022672904,0.6688535277964646,12.964201923852201,12.964201923852201,0.6314039950881994,0.10792784510254416,0.9182327048069006,2.148725551055048,0.2982048269313975,10
P05,3,12,13,0.21436012904361768,0.32848260493951675,0.29602253873513656,72.78113660481442,72.78113660481442,0.13218758450242124,0.11412247589589908,0.6406619453591805,1.7402637863715027,0.22739929548006865,10
P05,4,12,13,0.15991923579807188,0.3339643476508411,0.011670571025517162,26.873973428858775,26.873973428858775,0.4565791946010986,0.17404511185276922,0.8490679445122088,1.8680936404813009,0.47203701418998745,10
P06,1,5,6,0.1630942079815289,0.14381503351809755,0.5073154339355995,59.247827551027356,59.247827551027356,0.23203707353168265,0.01927917446343136,0.33733364360789553,0.6383883389371048,0.29490369644240233,10
P07,1,11,12,0.5791635722765314,0.419585635399943,0.23363967416364378,22.12477436599631,38.10991034949545,0.9987492076764743,0.1595779368765884,0.7488506640716772,0.7278724923724734,0.37385129173578224,10
P07,2,14,15,0.3935499431347925,0.3747727009794316,0.176435215838737,79.8378103748524,79.8378103748524,0.31892273535759164,0.018777242155360918,0.6931930717724579,3.4901414223943785,0.6147266491566734,10
P07,3,15,16,0.2092390992442307,0.2744734365183689,0.21499648155735007,64.12567395641936,64.12567395641936,0.18715332506509796,0.06523433727413822,0.6138452237437272,0.923544541295821,0.5335251576804578,10
P07,4,15,16,0.21681204645771526,0.34142618361933497,0.084408064956195,85.15801283687395,85.15801283687395,0.13810190214523016,0.1246141371616197,0.697662879041588,1.4307521359215478,0.5465313022548268,10
P08,1,12,12,0.2084803856615423,0.4741120138297972,0.7461516763123113,39.627390068710866,39.627390068710866,0.509553535538379,0.26563162816825486,0.9539544721232712,4.551556289485869,-0.34943407766798984,10
P08,2,11,12,0.26351872211908006,0.502997832944969,0.9133993769195917,15.263225931986128,15.263225931986128,0.32987031689405916,0.23947911082588896,1.0422274968051308,1.8458730921132567,0.5835486511592283,10
P08,3,12,12,0.2606643740464778,0.19041162409706172,0.05308447682603445,63.807756449344076,63.807756449344076,0.20723178668142025,0.07025274994941608,0.7556473496165999,0.9859526348205064,0.2895630595253704,10
P08,4,11,12,0.3150543944895188,0.1619677833119641,0.5150281321409982,59.00066460388526,59.00066460388526,0.26041888044679806,0.15308661117755468,0.6349685768659019,1.2541928912768348,0.09885718534084176,10
P09,1,11,11,0.2890549239463519,0.6839432757103229,0.40540730295294364,65.01413047277067,65.01413047277067,0.9673116371945918,0.39488835176397097,1.3978287831207814,7.419837925077493,-0.2180964501211864,10
P09,2,12,12,0.2711260071195618,0.34797802876952033,0.8855306805373088,27.683102072979175,27.683102072979175,0.18311701592747456,0.07685202164995852,0.6375819585552787,1.1744916673823977,0.6094541467094879,10
P09,3,13,14,0.3696898011157421,0.33004084555839,0.2863880050110513,73.35816580990333,73.35816580990333,0.2997503772539933,0.03964895555735215,0.6660276522479263,2.0880238544377674,0.1917144726094473,10
P09,4,13,14,0.1895055570463065,0.43530746154005096,0.05488126808641233,37.471717476264004,68.7880401952965,0.24580190449374445,0.24580190449374445,1.0713688100407763,5.381243567447119,-0.1266560689782339,10
P10,1,11,11,0.4640706003575456,0.17679360077845915,0.34382832018930237,69.8803426249079,69.8803426249079,0.3625155642849709,0.2872769995790865,0.5924219572319595,0.8432996266216808,0.5577650125938514,10
P10,2,10,10,0.448902718541175,0.4152057676131108,0.7253823368124384,10.998162200656168,15.77901928154943,0.03369695092806424,0.03369695092806424,0.6323054195202228,0.9193895079576679,0.34509501342520177,10
P10,3,10,10,0.46005087673876943,0.2779136758147876,0.3774434322179444,51.21024125067777,51.21024125067777,0.3260356970344194,0.18213720092398183,1.278748816790874,2.5970536345729642,0.5188940849245031,10
P10,4,11,11,0.6133961528226701,0.14992459135680997,0.6147703352941314,25.939637404529517,25.939637404529517,0.72478796708559,0.46347156146586016,0.9124792045168757,2.1612620930744026,-0.21337110416143656,10
P11,1,12,13,0.35809750806096213,0.2388584171406428,0.6045639093003038,40.27731230919802,40.27731230919802,0.30296728961805863,0.11923909092031934,0.873425526226136,0.9775535168455988,0.5328973520649698,10
P11,2,12,12,0.2771900331367589,0.5447547484886378,0.7366665638857154,13.001184982493903,13.001184982493903,0.3260812914743629,0.2675647153518789,0.7427948127809781,1.2019217863167921,0.534928644988117,10
P11,3,12,12,0.549871918789316,0.41345271334396927,0.7859546357002072,41.95759899947993,67.01239029219187,0.1364192054453467,0.1364192054453467,0.7556964419201943,1.8060662181087264,0.510673528587809,10
P11,4,12,13,0.24843020104420463,0.3433655285058435,0.7757423733078866,37.26940938270144,37.26940938270144,0.29222706294226863,0.09493532746163888,0.6466105146689041,0.667455877870826,0.5488046709973422,10
P12,1,9,10,0.6538787151754757,0.5375681582155465,0.6894154217967875,30.360379285660795,44.152917284034565,0.1163105569599292,0.1163105569599292,0.7877485980960571,1.6923052145207955,0.18740909626167213,10
P12,2,13,13,0.20663030441978794,0.13250050866421578,0.6901593917325901,46.32228654710482,46.32228654710482,0.31398691010115853,0.07412979575557216,0.5241555245892215,0.5925966529745513,0.49309349482252685,10
P12,3,13,14,0.3328853647570161,0.21816365035846041,0.5815881525874593,44.581049167315314,44.581049167315314,0.32084693220215776,0.11472171439855566,0.6918754608824425,1.608352471950434,0.5389493246713715,10
P12,4,12,13,0.4285650801493169,0.3343208508409467,0.6122336452371386,10.812714883712292,10.812714883712292,0.4238010969998338,0.09424422930837018,0.8254953699768605,1.3083043189986452,0.483376217033641,10
P13,1,11,11,0.6217533729367961,0.2643974241724606,0.4389162346776966,63.78577444627896,63.78577444627896,0.7385165169660448,0.3573559487643355,2.943161772449725,61.3592854726294,-19.92385263504874,10
P13,2,13,13,0.38253755620189067,0.7665844494640132,0.12594854403117373,82.76446370942857,82.76446370942857,0.5199276742712885,0.3840468932621225,2.283370440349706,1.623355872759076,0.43520655096881444,10
P13,4,12,12,0.5341129851628316,0.6700684111142865,0.5012037387354801,37.16556359141688,37.16556359141688,1.1948110911899794,0.13595542595145493,3.007150216574779,0.8439222061276404,0.19205116070358574,10
P14,1,11,12,0.32798245112197016,0.3227573026279652,0.2908261184433298,34.435785219573376,34.435785219573376,0.27735118820735044,0.005225148494004961,0.7233947989268357,1.4817939412319021,0.4611568545451804,10
P14,2,11,12,0.40603632450445504,0.34285406471592894,0.28803003302324753,59.76161363775951,76.00558538167925,0.748890389220384,0.0631822597885261,1.0617996160019696,3.5492006320100358,0.31020557617335887,10
P14,3,13,13,0.19986637008559646,0.2714175049095726,0.43126566669550453,64.45209062350278,64.45209062350278,0.12322001645708262,0.07155113482397615,0.6462138145422092,1.3590424338708247,0.4966586158836934,10
P14,4,12,12,0.2328738551862397,0.3747999433009444,0.5667779660843749,34.97384830031461,61.84332781374609,0.1419260881147047,0.1419260881147047,0.6552629432266466,1.119012309377906,0.6325644665587373,10
P15,1,14,15,0.253355891286706,0.33677268677863076,0.84485248670819,21.350642119616012,21.350642119616012,0.21784678114398623,0.08341679549192477,0.708867608870329,1.6992060926461212,0.2312003502683373,10
P15,2,13,14,0.589847785200766,0.23604573819598249,0.9459902784209564,38.69359832935993,64.29332813952036,0.35380204700478346,0.35380204700478346,0.7531994521248292,1.3553722119991618,0.4211000122104578,10
P15,3,13,13,0.15490813829483416,0.3651989509416689,0.12445045212407836,63.6293059827738,63.6293059827738,0.2915235774501323,0.21029081264683472,0.7612255529534039,0.936504000458149,-0.14001598908658397,10
P15,4,12,12,0.26184523054131886,0.35863180421466295,0.8765217570610486,40.078246365333186,72.31291993915423,0.09678657367334409,0.09678657367334409,0.8220492453297159,1.2586338155776085,0.34183195033053304,10
P16,1,12,12,0.3127185629880958,0.1581088545888003,0.5216928918362849,56.613018067019595,74.01944387927584,0.4708274175768961,0.1546097083992955,0.6071043868764211,0.43465167285350165,0.3149246703447883,10
P16,2,14,14,0.43381950607516623,0.2466043575889827,0.7608674392458574,30.64749622004592,45.598983624916286,0.18721514848618354,0.18721514848618354,0.7204629217786873,0.6639838386642868,0.1346760905082801,10
P16,3,15,15,0.3339235030481191,0.17757125075867541,0.5903621255388901,20.912157260243504,20.912157260243504,0.4463335212053136,0.15635225228944366,0.7052376612417829,0.9564794080235556,0.3066165694617531,10
P16,4,14,15,0.3406747649032559,0.33638642221600423,0.21198333727264798,44.772489403955475,44.772489403955475,0.4826114783887089,0.004288342687251645,1.2183606618913951,3.1436293517077143,0.34712975004087776,10
P17,1,11,11,0.5042973294922575,0.2311116486820952,0.8019608145024746,43.372921705149466,74.53944883392151,0.27318568081016226,0.27318568081016226,1.2345217158967807,1.5985745805922313,0.045583483382297674,10
P17,2,12,12,0.499572374959896,0.40243152851175845,0.5503253892331513,29.11633548880708,46.611183725058716,0.09714084644813753,0.09714084644813753,0.6792792908243823,1.5804447086940396,0.2016915643775884,10
P17,3,13,14,0.26447777117909466,0.21111749026309762,0.005393947801901777,58.6908031814732,74.42173840519439,0.05336028091599704,0.05336028091599704,0.7904121980346639,1.0136264871544227,0.4129813311638372,10
P17,4,12,13,0.40562142215137487,0.39819228225431064,0.5769216544707951,49.71617620013794,49.71617620013794,0.43507824284658336,0.00742913989706423,1.2888394764800197,1.9663729883041183,0.2919829668742502,10
P18,1,11,11,0.2971143230774502,0.4601970318424717,0.44688880001976633,49.65906653189518,49.65906653189518,0.4618770134321441,0.16308270876502146,1.1189248479494003,6.122714944713308,0.32364392646051166,10
P18,2,12,12,0.43002016547507116,0.5036464745820668,0.6285642087299075,44.00788801863113,44.00788801863113,0.8327175834306719,0.07362630910699564,1.1924037016943834,1.9153996284814827,0.41284554295874787,10
P18,3,12,12,0.1988033081354787,0.4267202634936422,0.23414726524398397,76.45863767981831,76.45863767981831,0.35554427007187644,0.22791695535816353,1.2133318762325414,1.9032340715942986,0.3415176588114982,10
P18,4,13,14,0.2826982587436194,0.38229841086902844,0.002192886182764975,52.42820006559319,84.62006461185977,0.6649966696126479,0.09960015212540901,0.7150207215901341,1.3490677703510074,0.46529085895869393,10
P19,1,12,12,0.6189174731691041,0.8065426349289141,0.5578616087103282,54.432266567520976,54.432266567520976,0.7455253069681319,0.18762516175981003,2.182237867445398,2.3565850874510574,0.36372429609402157,10
P19,2,11,11,0.4505727649089765,0.8208448295775387,0.6758600258216537,44.80082681306312,44.80082681306312,0.9369770738933252,0.37027206466856216,2.1810689941022408,5.10305943798028,-0.5651957971155628,10
P19,3,12,12,0.5800646894783341,0.46414657151002503,0.2269600885308854,59.89207730964348,59.89207730964348,0.800894796781874,0.11591811796830909,1.68699920862147,1.5957273024157903,0.12030505769544841,10
P19,4,10,11,0.49475294891966376,0.5729882972824053,0.7418710042903562,22.11609652966842,22.11609652966842,1.0391399382027722,0.07823534836274154,1.3922588089186472,1.6746526722018324,0.26299802071577305,10
P20,1,7,8,0.2625973030400994,0.28617567616389755,0.9217757338641911,22.81292160536567,22.81292160536567,0.16054766782481847,0.02357837312379818,0.8747929661905651,3.7337416773395566,0.26381519218481886,10
P20,2,10,10,0.2531403044329631,0.26046326755291677,0.36978680174623746,31.393193161621046,48.35443869579996,0.5136035719858798,0.007322963119953674,0.8415249593325376,1.0079306235942236,0.4630981893244218,10
P20,3,9,10,0.25938293494376286,0.7823442174829077,0.5365483609238243,31.865189552573426,56.40357533233608,1.0417271524266707,0.5229612825391449,1.3388418713624117,23.042955801782263,-2.408427417962934,10
P20,4,5,6,0.3891913393357485,0.4678482032748721,0.7746631721890418,39.198666047893276,39.198666047893276,0.541712610319392,0.07865686393912358,0.9404610966494266,1.8992063302303706,0.2560449056485633,10
P21,1,12,12,0.3537216987324271,0.16296370177164068,0.17335197626178603,41.214689106806915,41.214689106806915,0.4973949049838097,0.1907579969607864,0.5984190589052685,0.4025298809486335,0.5632801615033742,10
P21,2,12,13,0.23598415957471325,0.3061337134954266,0.24111286223539338,73.1011791347082,73.1011791347082,0.34447164150560433,0.07014955392071337,0.8566659995826966,2.1152137027822078,0.4821396543805718,10
P21,3,12,13,0.25338866852380665,0.31380903563419016,0.2124478284683038,26.732679436293,26.732679436293,0.5059109622992376,0.06042036711038351,0.7381680294784008,1.1839715235745705,0.44268797441334695,10
P21,4,12,13,0.29695706099896907,0.4060896383771662,0.024561125241732984,41.22729067175036,77.45603885950106,0.7030466993761353,0.10913257737819715,0.7901245190126923,1.6377114590439938,0.546556227239493,10
P22,1,9,9,0.2516427982974106,0.22902794958759587,0.0006191087293872174,67.34505347429119,67.34505347429119,0.0313918571584851,0.022614848709814728,0.6279717920687382,1.7547780563026611,-0.46685548173867697,10
P22,2,10,11,0.44269207260287546,0.28425748780646626,0.8924681491371735,34.581785269032544,62.11388706673509,0.7269495604093417,0.1584345847964092,0.8750047875383538,1.658342145983431,0.33691138134063514,10
P22,3,11,12,0.4787114192086242,0.28108932735539804,0.7872555408822919,38.07022787486417,38.07022787486417,0.1976283492131106,0.19762209185322616,1.2204739699998846,1.586360683780849,0.30129337095477926,10
P22,4,11,12,0.39426111578273576,0.205247672184291,0.04429434053311671,87.46129061604535,87.46129061604535,0.3287468541300515,0.18901344359844477,0.8493435428377589,1.6930637230291696,0.3312838894834822,10
P23,1,12,12,0.4037159423712054,0.2966732243890523,0.025259208387500037,43.17029314122667,84.30617680831027,0.7003891667602578,0.10704271798215309,0.768123353136196,0.5045050361001793,0.5917745479019476,10
P23,2,12,12,0.26051373197284655,0.4308729915802462,0.9317551291003956,21.289918510452484,21.289918510452484,0.18211130371600262,0.17035925960739967,1.318244244925274,3.4211303313412706,0.43179532055656034,10
P23,3,12,12,0.32530308216339515,0.7739236823691676,0.7229964239180926,43.188704648919895,43.188704648919895,0.6028067019711346,0.4486206002057725,1.691458220077304,3.914340763693179,0.4629405770862206,10
P23,4,12,12,0.2674930545338721,0.2664023423731097,0.8889021059258856,10.865275086163036,10.865275086163036,0.3856972559593752,0.001090712160762397,0.954049191522644,1.1033722046495456,0.3184465581586744,10
P24,1,10,10,0.37015937002216204,0.15263461086199887,0.24271245133434977,60.64649299872846,60.64649299872846,0.29829611235347964,0.21752475916016317,0.60115007489585,0.6439397938860276,0.3440489121786132,10
P24,2,10,11,0.3705365637201187,0.3073793396871737,0.9608530192005043,21.470111157975936,37.73208987977958,0.6779159034072924,0.06315722403294499,1.0623477761763318,3.315361714892829,0.14031819187532413,10
P24,3,11,12,0.2617273649213413,0.4690406730446091,0.9488316192431833,17.800921961176428,17.800921961176428,0.43012027954717574,0.20731330812326781,0.7464189182088523,2.0274865625728977,0.5243630506571539,10
P24,4,11,12,0.3941576381696845,0.3796409862277322,0.8787494371769854,13.250938243465285,23.60301278282063,0.014516651941952341,0.014516651941952341,0.735593591592595,0.977758840546873,-0.11261956184218569,10
P25,1,11,12,0.40408078437501077,0.4396673609801393,0.20910077521092063,69.84405033091322,69.84405033091322,0.7971988216451859,0.03558657660512854,0.8043366721041482,0.7020962810976393,0.5269088322549403,10
P25,2,12,13,0.25111758744664536,0.4641053253297135,0.9256649422173714,41.222496086652406,69.58380946917637,0.21298773788306813,0.21298773788306813,1.2197739410406878,2.7129411782984714,0.5101660249293243,10
P25,3,12,13,0.2897565012433473,0.3289272783503473,0.6984055829891271,52.234952603112276,85.2232793773441,0.03917077710700001,0.03917077710700001,1.0722261219543447,1.408234438761394,0.4083177285797315,10
P25,4,11,12,0.36694105952057565,0.20062993248651487,0.7057318013844951,44.856688154532286,44.856688154532286,0.5082528596975052,0.16631112703406079,0.6559351426312713,1.2951829817472875,0.4181707083249325,10
P26,1,6,6,0.7285023513878803,0.5145105201810253,0.9500833093630994,18.177913527111333,18.177913527111333,1.1206252455544414,0.21399183120685505,4.301420949661945,6.495240017596615,-0.22437776404312904,10
P27,1,13,13,0.3274876120069732,0.3132408393663681,0.5319758326491125,47.702688003046966,47.702688003046966,0.6092658358997003,0.014246772640605088,0.7916416746441663,0.9329756320969058,0.35423988771875004,10
P27,2,13,13,0.3082621149674697,0.36795534111466144,0.050927092376462216,43.799513852779725,68.07263067887443,0.6762174560821311,0.05969322614719175,0.6304529284807431,0.9614704509958015,-0.018981367309367725,10
P27,3,12,13,0.2641109806102751,0.25294220211569957,0.39886120331402014,66.49299391804934,66.49299391804934,0.4187651266485013,0.011168778494575538,0.7555349988476198,2.7553921557760037,0.3320658243319633,10
P27,4,12,12,0.30153088226628255,0.23646462992311632,0.31758906656548747,55.11126044084328,73.35744482358884,0.06506625234316624,0.06506625234316624,0.7144838790818794,0.6908710660522867,0.31242162268925877,10
P28,1,10,11,0.6563752323034742,0.27801109037154326,0.691215306244371,46.27361195854174,46.27361195854174,0.4075514840097337,0.3783641419319309,1.1302187573374274,0.7858854734605839,-4.024360678952758,10
P28,2,12,13,0.3923521376600881,0.49036403330905864,0.10913314305693561,82.80592708235994,82.80592708235994,0.6967930945896778,0.09801189564897056,1.4165766361001386,1.23086955480145,0.09891094036309389,10
P28,3,14,14,0.562368751269365,0.7076272195302339,0.1577471886949166,46.560145764542234,73.13961003709322,0.14525846826086886,0.14525846826086886,3.03405267653374,3.095802145778316,0.05276995269042395,10
P28,4,11,12,0.4523521963440636,0.5079942601243198,0.005462984612398691,69.47397008779753,69.47397008779753,0.8373057512904175,0.05564206378025621,1.5445424596610484,1.9891258919710344,0.11781970085853455,10
P29,1,5,6,0.31263885304352945,0.41138539517554334,0.18394129016741545,79.30861005737276,79.30861005737276,0.40524957169279313,0.09874654213201389,0.928773643525164,2.59415758948253,0.28481256752795325,10
P29,2,6,6,0.23127983799671673,0.1219865909513699,0.17719989862880878,76.25499456558562,76.25499456558562,0.30906218000786245,0.10929324704534682,0.5223961184051659,0.7992423252230848,-0.11453923123222132,10
P29,3,6,6,0.3133854630184972,0.28503484178612093,0.24096687660713836,48.15544661095428,48.15544661095428,0.41912923868647317,0.02835062123237625,0.5691739509794188,3.488228645510837,0.010545511683502151,10
P29,4,5,5,0.25685879835693876,0.6336429477989609,0.6169294384321565,51.19566668698971,51.19566668698971,0.7537615857190412,0.37678414944202215,1.3208988345361004,6.4680453394931785,-0.16075686696733715,10
P30,1,14,15,0.22147325312850702,0.6255432754936326,0.6481520152067036,38.25260045722596,69.44592597310516,0.8470165286221396,0.4040700223651256,0.9760942358343165,5.25238058365333,-0.6365204835315883,10
P30,2,15,15,0.3515995067976165,0.41127155431407536,0.9522269340592084,17.343392664162575,17.343392664162575,0.2460893762159569,0.05967204751645888,0.6119252707052829,1.0098347275985338,0.5826206448416231,10
P30,3,15,15,0.5369398191034463,0.5526250290499969,0.9087318288721518,32.13317142292598,56.84501478154807,0.015685209946550538,0.015685209946550538,0.6652464283409831,0.904377658145169,0.6845017523167753,10
P30,4,15,15,0.2676547626744093,0.36684278810877513,0.0774970042646983,37.433637230333865,37.433637230333865,0.15996634352510103,0.09918802543436583,0.6094794597589783,1.0433061627160367,0.5884512271981223,10
P31,1,12,12,0.24876471275731699,0.30551368755132247,0.7485934010144797,11.017128531813198,11.017128531813198,0.2646840553302569,0.05674897479400548,0.903210435329534,1.2723733286140753,0.39887661547467856,10
P31,2,12,13,0.3269905354879788,0.23667317348541425,0.2933856601327226,70.77780558749825,70.77780558749825,0.3312713744714735,0.09031736200256454,0.6911769736857394,2.5881876166413984,0.4311469985299058,10
P31,3,12,12,0.2942350729368919,0.2441567122366873,0.993397606209504,5.118406907212988,5.118406907212988,0.2527399559751327,0.05007836070020458,0.6662718463422761,0.9987340121066021,0.57607855690953,10
P31,4,11,12,0.23381104179418594,0.21029428386769916,0.8290328630876508,31.901692834895986,31.901692834895986,0.4098287621187506,0.023516757926486775,0.5002441505952858,1.244674255028064,0.290147246667775,10
P32,1,11,12,0.3538894888710472,0.3690410951738861,0.04354427639915608,63.85790722121487,63.85790722121487,0.49795682639485483,0.015151606302838905,0.8682644640428654,1.0373187067117184,0.42168920109016417,10
P32,2,10,11,0.3021043462643748,0.3322181356662624,0.0931531836848983,84.65496636672559,84.65496636672559,0.47826471975100626,0.03011378940188758,0.8141341161876101,0.7543486395285598,0.35215636801125305,10
P32,3,11,11,0.5191820711021591,0.26581169185127346,0.9444496157545272,29.567607779100847,47.58149454132928,0.7849937629534325,0.2533703792508856,1.3424329545192668,3.2783337199762683,-0.1006842195656974,10
P32,4,11,11,0.4163164593277599,0.2825493290963208,0.8095668191044992,35.639288240092185,35.639288240092185,0.20851664840918557,0.1337671302314391,0.9235498972159778,2.8983154505150304,0.07967155086441946,10
P33,1,7,8,0.3326767462250951,0.4545960216799502,0.3225464964190807,24.51615032214009,47.08765722108107,0.12191927545485515,0.12191927545485515,0.6464708783530602,1.081742291328738,0.5424276063274887,10
P33,2,13,13,0.32650740614548374,0.2047183336389221,0.38181810397216,45.25588033850244,72.07034802537069,0.12178907250656162,0.12178907250656162,0.6315556806427465,0.7759595845639976,0.45970060258340506,10
P33,3,14,14,0.27848363971312434,0.3068103755749289,0.21432210530715634,63.106448271472345,63.106448271472345,0.4204835452822826,0.028326735861804564,0.8557407955407401,1.7681735438974016,0.480341019558973,10
P33,4,14,14,0.3021525642721891,0.2699806205094641,0.47945614562442157,59.127997014894596,59.127997014894596,0.2784429434559463,0.03217194376272503,0.871406975234616,1.2988778077100205,0.36331218625734385,10
P34,1,10,10,0.7499458986752059,0.7303951039724005,0.7716046569625555,39.50179487102918,39.50179487102918,0.34521660778294055,0.019550794702805407,2.669994267323048,1.7676005735850573,0.2647955809278646,10
P34,2,11,11,0.7477285090522614,0.5977340457424485,0.11561867959833325,83.3606891835821,83.3606891835821,0.4109534500040795,0.14999446330981292,2.290450801560834,0.6995144140092895,0.19813078345390922,10
P34,3,11,11,0.4873288149350152,0.5722327299107368,0.7559278829763976,40.8934876872806,40.8934876872806,0.08731321624202047,0.08490391497572164,3.280230965743879,3.9160777676491407,-0.3296470661251243,10
P34,4,10,11,0.34114774490121536,0.639171488777412,0.7416909453009832,20.976792437034256,20.976792437034256,0.8595752443781324,0.2980237438761967,3.1301334253573723,4.1647112235216,0.05250790790963755,10
P35,1,13,14,0.5219163985474591,0.738597002175252,0.5522643015619664,35.685995210204176,35.685995210204176,1.006515134906231,0.21668060362779296,2.595657145859935,2.2642478247001097,-0.5762803182346494,10
P35,2,16,16,0.7704793655332549,0.6945905412946815,0.3532940073909703,51.2155163978302,58.4490041665148,0.07588882423857346,0.07588882423857346,0.9638800171270537,0.8949982461632215,0.5813888659390142,10
P35,3,15,16,0.5292039569317285,0.7449435234507198,0.6076655638086212,52.57910123728153,52.57910123728153,0.2262476764950005,0.2157395665189913,1.0732110036165061,0.7682549419636875,0.7364728000424317,10
P35,4,15,15,0.41794294450550395,0.5838317530519126,0.14710612968559797,49.15230350817793,49.15230350817793,0.9707560999266341,0.16588880854640864,2.6267904577487333,1.036056552164003,0.5872821540390556,10
P36,1,9,9,0.27675323405104857,0.18079426739124643,0.13554827909979078,82.20967460216451,82.20967460216451,0.37978427861005815,0.09595896665980214,1.3166549445074944,35.04534632573456,-6.543950689975992,10
P36,2,9,10,0.23568922473770132,0.2963937498070546,0.24913268624766624,27.563725951458085,27.563725951458085,0.48166814586143447,0.060704525069353255,0.8087842584970131,1.0341364829501294,0.44955085526991334,10
P36,3,10,10,0.2953476156461057,0.46730600210248446,0.31955561218080963,69.84064829973141,80.66718333140504,0.1719583864563788,0.1719583864563788,0.6813711345639387,1.277460808708248,0.6436266993484512,10
P36,4,6,6,0.19602206409740802,0.4105168908386837,0.05569779234902387,86.80709925726465,86.80709925726465,0.43975249963443774,0.21449482674127568,0.9251649782330327,2.7711149367435364,0.4288166807117011,10
P37,1,11,11,0.46772189633236033,0.5598811120169056,0.6735981581381983,41.42346772605571,47.867989089937446,0.09215921568454527,0.09215921568454527,2.2693701105753625,4.156830841548023,-0.12730703757850192,10
P37,2,11,12,0.69271185518795,1.5360532914021985,0.03280060736976739,52.99873693378452,52.99873693378452,1.014916477290227,0.8433414362142485,4.031658253643508,1.4168435240684591,0.12958712323842425,10
P37,3,11,11,0.3975707124313238,0.6035063364652352,0.005496545786153017,24.631500486250253,24.631500486250253,0.6964846721093637,0.2059356240339114,3.8283119250790243,2.2384850503504903,0.4915412824769939,10
P37,4,9,10,0.6368481912634203,0.7561621681136896,0.7204342928631265,43.909651891830755,43.909651891830755,0.6879604516682738,0.11931397685026934,3.698136030459061,3.51746734427541,-0.5271894665509325,10
P38,1,12,12,0.5853941457881204,0.7976464510094726,0.23345218302365175,76.48611270373765,76.48611270373765,0.2667220633256106,0.2122523052213522,2.7441928962332667,0.79975651538281,0.3772462197145714,10
P38,2,14,15,0.7103747742407489,0.7871069666810501,0.6914088358997672,35.12638166584247,35.12638166584247,1.4007731520531415,0.07673219244030116,2.337015124315541,1.5559069041382396,0.6421071878681492,10
P38,3,15,15,0.5431008506365751,0.5465196826864482,0.12800961603796573,82.64540926118183,82.64540926118183,0.34414744007105674,0.003418832049873144,1.7282305698507605,2.011543869372669,0.4808911809598029,10
P38,4,15,16,0.6717004230378054,0.6702169361275677,0.10307222768135069,52.3801130004461,68.6249196807784,0.0014834869102376969,0.0014834869102376969,1.8024952071887264,0.8799312116183833,0.3021333120923332,10
P39,1,10,10,0.31426806649754013,0.26376642990460253,0.8223598514073158,28.00222542323048,33.5596024234584,0.050501636592937604,0.050501636592937604,0.5868627781144184,0.40553081680516,0.6479431357528416,10
P39,2,11,11,0.4767598421873137,0.4060764935006636,0.21329039030097113,77.52762484055087,77.52762484055087,0.7425213537768613,0.0706833486866501,1.0373748648124446,2.124533945860959,0.39638795032036045,10
P39,3,11,11,0.3655103082803267,0.41448763403216393,0.6470669048479839,49.67917763308832,49.67917763308832,0.37483213880999633,0.04897732575183722,0.9262823263065323,2.6921536433799504,0.2815149841114397,10
P39,4,12,13,0.2451574504742667,0.29047461900389215,0.5951366069750893,16.13416215758291,16.13416215758291,0.41027975078304174,0.045317168529625446,0.8896590702734372,1.360469305974131,0.22714247962709055,10
P40,1,7,8,0.370615493737437,0.34530174371359484,0.4254216688565288,53.26334239280452,82.81916624773882,0.025313750023842174,0.025313750023842174,0.7941523037361625,2.3075130062280627,0.15069019458910682,10
P40,2,8,8,0.2829887303812975,0.5129539282611679,0.9320894858657438,49.48594206978461,84.53049523048013,0.7959426586424654,0.2299651978798704,1.2174923086609468,2.962989530542497,0.2378825882860115,10
P40,3,9,9,0.21221764773189133,0.46014859372289707,0.40609203897644647,64.89845755879313,64.89845755879313,0.6580074590378677,0.24793094599100574,2.0825469024647285,25.699815441623873,-0.3345927213666078,10
P40,4,6,7,0.3813352628301589,0.18897460055811863,0.4219719380245008,39.87786845060362,39.87786845060362,0.45968165455362364,0.19236066227204027,0.7839242645167567,3.1985997633702987,-1.2117973060792182,10
P41,1,9,10,0.2741528920993744,0.3429433032242024,0.5551672735857364,51.62345002952253,51.62345002952253,0.13131018941026462,0.06879041112482803,0.9218048475928082,2.5962421362737222,0.47718087199072035,10
P41,2,12,12,0.33471826813379724,0.37426407200711465,0.49245128303716007,50.76510090088189,67.58396721914748,0.7089823401409119,0.03954580387331741,0.9690925572003022,2.1748080428377254,0.30948790158567985,10
P41,3,12,12,0.1925140138376039,0.3825397534159723,0.45771160216854234,62.61654004247839,62.61654004247839,0.4365508077246742,0.1900257395783684,0.5215977727182355,0.5864563921050899,0.6400756363152064,10
P41,4,12,12,0.34044305604391806,0.2163772925103401,0.5973032444727604,45.089806499541226,45.089806499541226,0.47460699773571086,0.12406576353357796,0.8521425125617119,3.021372473707648,0.33197791724549497,10
P42,1,7,8,0.22566127824262647,0.15109597251734375,0.2856143949701861,73.40442258136,73.40442258136,0.08199418297023667,0.07456530572528272,0.8175472460464862,1.0556611546312007,0.42791209261335605,10
P42,2,9,9,0.3906231497744027,0.29771444907017464,0.7134462309901127,12.709223548884273,12.709223548884273,0.47177068827777097,0.09290870070422808,0.5964588381446918,1.2219671752433086,0.4448953441546859,10
P42,3,10,10,0.3922890444908974,0.22125528908050465,0.1468361229970144,56.57296011711837,56.57296011711837,0.347152566244149,0.17103375541039276,1.1869408941660868,1.9731297236832717,0.3404033504401096,10
P42,4,7,8,0.2602802566230814,0.28777744911556563,0.6656679752537671,48.26640894373011,48.26640894373011,0.4149582558587084,0.027497192492484224,0.7974973823718803,2.4785420158532308,-0.23334690505835387,10
P43,1,9,9,0.33310021154038866,0.3688979493993559,0.06411314048331179,51.48829764052025,62.55724704571792,0.03579773785896723,0.03579773785896723,1.2989478934488066,7.378704732268174,-0.23997660405983434,10
P43,2,8,9,0.3237407644048842,0.6618799266402836,0.3944085045328832,47.464433053176286,74.69371628832607,0.3381391622353994,0.3381391622353994,1.086550375317778,2.931510921479078,-0.42898351094166176,10
P43,3,9,10,0.3312239929104132,0.19761944531637574,0.3067192086177121,58.25749139901899,58.25749139901899,0.41463900123558134,0.13360454759403748,0.7805338848866693,0.7859278034653385,0.3444495109594864,10
P43,4,10,11,0.1851110806505003,0.2847159946739959,0.18748952350703965,79.19368822139414,79.19368822139414,0.2212254885440581,0.09960491402349558,0.94632554043094,2.6125475397921387,0.318978700770144,10
P44,1,14,14,0.21139010048115356,0.5427246088931224,0.9073045260812574,36.08198139385965,65.19255497831804,0.33133450841196876,0.33133450841196876,0.5508518413613074,1.0732750405919391,0.6163068532926843,10
P44,2,14,15,0.36309686064483976,0.23587557875006612,0.9427143135499455,16.77354244954181,16.77354244954181,0.3405044484184593,0.12722128189477364,0.9681206743523496,0.7403858905269511,0.5315073197327193,10
P44,3,14,15,0.3708851510192675,0.22989445891893687,0.6081389216908286,18.690725004941527,18.690725004941527,0.2823876646347626,0.14099069210033063,1.199976488847733,1.4445568683063807,0.4371480909738462,10
P44,4,14,15,0.32896731708252286,0.32894234024993474,0.8396185190434813,35.698737159366395,52.15260873816065,0.6579096573324577,2.4976832588119446e-05,1.101372451684063,1.696414011649087,0.5281842060439919,10
P45,1,8,8,0.2761365552272561,0.38290555245965313,0.28728715234389574,72.479969974895,72.479969974895,0.658014798269073,0.10676899723239702,0.7564346637059862,2.7192009625030775,-0.06536982429485017,10
P45,2,9,10,0.19192760664684524,0.2926109046305911,0.25659039041490295,71.73037025208548,71.73037025208548,0.44489559529683087,0.10068329798374584,1.0483603782283246,2.4052362370866596,0.41299159393661145,10
P45,3,10,11,0.20684749630626684,0.27984651412518674,0.7982844339381405,24.99349658279249,24.99349658279249,0.2418375372010673,0.0729990178189199,0.7067010996209238,1.7922619175087433,0.36971383463117213,10
P45,4,9,10,0.337163064995134,0.3444463739557558,0.627064050115018,63.28823613635869,78.01463395571723,0.6816094389508898,0.007283308960621793,0.937818053688417,1.2847852709540786,0.3965561819868304,10
P46,1,14,15,0.5044553180331909,0.3329397272444839,0.19605184445336538,72.19685974590743,72.19685974590743,0.20531361360711053,0.17151559078870698,0.9806716380873841,1.7635410964217404,0.20935614867304897,10
P46,2,13,13,0.28385791913364256,0.2629671160209323,0.19434096165782808,30.716502306840383,30.716502306840383,0.3733079373138924,0.020890803112710243,0.5945654980230437,1.0896022796792995,0.5361655588500407,10
P46,3,12,13,0.3176811469068136,0.31909518792174446,0.01454665381721107,22.210671763750828,22.210671763750828,0.5189013608119377,0.0014140410149308669,0.7975134502443085,1.3633961058694293,0.366901332571949,10
P46,4,13,14,0.2975770042675836,0.39148279096911126,0.3076483895348698,47.662539841898784,47.662539841898784,0.5968257122088452,0.09390578670152766,0.9806824543712288,1.2442634751560104,0.15540907311249663,10
P47,1,15,16,0.2991058256461815,0.41476474173563266,0.3508713598853549,69.45937936525893,69.45937936525893,0.4365214141151549,0.11565891608945117,0.8037585204481286,4.188319760229772,0.09919026806480424,10
P47,2,13,13,0.2073110716724121,0.16742655803241485,0.412326864392913,27.527812304040786,27.527812304040786,0.2279317598278172,0.03988451363999726,0.5357694130457519,0.5669444267518379,0.5227825310900418,10
P47,3,14,14,0.38174607563419943,0.3207771259517463,0.0067788535343018125,45.276072003203616,81.08228230697942,0.7025232015859457,0.060968949682453144,0.7947069922085621,1.2032158571312406,0.40445529996114715,10
P47,4,15,15,0.3821715971187157,0.27039495156388743,0.9445846807242622,12.165071028287452,12.165071028287452,0.2596205164162215,0.11177664555482825,0.604549194294646,0.7763101738376779,0.3792596008153455,10
P48,1,10,11,0.35508202518549004,0.18659831493068535,0.26917214381697224,52.561134662692425,52.561134662692425,0.5148693204548863,0.16848371025480469,0.7724053027635269,0.5046873846988903,0.4804353423472958,10
P48,2,12,12,0.42487058339464595,0.6860465259946644,0.5992874818710063,26.12895737649292,26.12895737649292,1.080485840289012,0.2611759426000185,1.5094149651715942,4.910366307894641,-0.7042143328749286,10
P48,3,8,8,0.2415262876840017,0.36513055380217563,0.9729824883549845,13.13902903517981,13.13902903517981,0.4233994878855103,0.12360426611817393,0.6005820815284566,0.908118560750841,0.476144459194519,10
P48,4,5,6,0.38218561426855013,0.3738061524721326,0.06466055348189542,63.70682605227804,86.24963808363215,0.7559917667406828,0.00837946179641752,0.7617060847437793,1.2220969856246868,0.39838525348796117,10
P49,1,9,9,0.6933337880084408,0.6634204952480888,0.36360484679234745,68.67825221292223,68.67825221292223,0.5684681794409717,0.02991329276035204,2.1984467856680197,3.9911848257965894,-0.26185389153560434,10
P49,2,12,13,0.6792482393377332,0.8672682340105715,0.32053387730241484,55.2135245407772,87.02913508602694,1.5465164733483046,0.18801999467283836,2.4451853948249065,9.439055313959347,-1.4287810374155092,10
P49,3,14,14,0.42825794335765766,0.5191923621902044,0.5820239354415351,68.58597542159221,87.00049183393845,0.947450305547862,0.09093441883254672,2.341745620607361,1.4145964811325646,0.49550053732104304,10
P49,4,5,6,0.824660675994612,0.718903879904042,0.860177055900254,30.663531468332753,30.663531468332753,0.3521397714899972,0.10575679609056998,5.0047574120943485,0.7656500948138737,-0.5107400973753013,10
P50,1,12,13,0.21345898914064831,0.252900730217391,0.6685706582188718,46.54826524202184,46.54826524202184,0.43514567329449166,0.0394417410767427,0.7777437098319584,1.5073793692216824,-0.5854733324557475,10
P50,2,12,12,0.3302445882918653,0.5059912639559478,0.8489494974611653,44.7545743229322,83.77177870507263,0.17574667566408253,0.17574667566408253,0.8351265055581906,2.223091771778278,0.5084691387279274,10
P50,3,12,12,0.47275103462425794,0.3045224905772301,0.7978225343382318,53.88166916381053,86.37983779975376,0.16822854404702786,0.16822854404702786,0.7362628034203224,1.6815069130170865,0.44745687498434894,10
P50,4,12,12,0.2853679577078026,0.19102745652711775,0.46231085176066183,41.933546013202296,41.933546013202296,0.45172315282726094,0.09434050118068485,0.9844280795333678,2.0411976591645735,0.13972866098536185,10
P51,1,11,12,0.4107204799339559,0.28125925398061524,0.00015446672522051452,50.343483363386795,70.34400401707134,0.12946122595334064,0.12946122595334064,0.7465763267793671,0.7521849425978205,0.59424532738042,10
P51,2,11,12,0.5409210806050062,0.22633491567509084,0.7592563754857204,21.194575586527428,22.542881839873885,0.31458616492991537,0.31458616492991537,0.8399753132243306,0.6905697925802247,0.38172977417438503,10
P51,3,11,12,0.38894098006124284,0.38054880276427683,0.5908399742812717,48.990315635109084,48.990315635109084,0.40372020574585077,0.008392177296966008,1.1657459347940575,1.831129006458651,0.6125297097908498,10
P51,4,11,11,0.3296160238045952,0.28808333429388183,0.8144554816930784,43.098857258629664,56.23607190170992,0.04153268951071337,0.04153268951071337,0.6244090017430093,1.1450952769920302,0.46862255349197623,10
P52,1,11,12,0.24290572850338082,0.1181384487889126,0.040391308725604376,87.68511875129353,87.68511875129353,0.20623630975776952,0.12476727971446823,0.7124200374046639,0.7271667854657234,0.2026166178626302,10
P52,2,12,13,0.3426023946159122,0.3479524727894934,0.7092209152880786,44.828437839070105,44.828437839070105,0.3460079672130441,0.005350078173581241,0.7509471139489969,1.6162358043893585,0.5372889466697612,10
P52,3,12,13,0.3003442581025036,0.30002456654886134,0.3361466524851478,31.820813107847698,31.820813107847698,0.46100086972622895,0.000319691553642254,0.665869206353372,1.417644370927711,0.10618442662366578,10
P52,4,13,13,0.2805518822775138,0.12669120115079938,0.6599562874099172,44.3271710954681,47.779765535158354,0.40724308342831317,0.15386068112671444,0.6589681184824451,1.1772835148372698,0.05995145811625291,10
P53,1,12,13,0.1808927846600003,0.36380642792356666,0.8223869868614904,27.483074499071254,48.82035841283533,0.18291364326356635,0.18291364326356635,0.6497415847804547,0.7484395561475341,0.6465718645784957,10
P53,2,12,13,0.37024033866824424,0.1970979822122238,0.9560379302297348,43.14109479466231,75.73320644830876,0.5673383208804681,0.17314235645602044,0.723365828128322,0.6662406836093318,0.22180313278844088,10
P53,3,14,15,0.5623092125831808,0.4991572685718591,0.7696001156842466,36.02577742730929,64.80790451293325,0.06315194401132168,0.06315194401132168,0.5862698892225547,1.0505459337528147,0.6525079079925369,10
P53,4,13,13,0.16326854463874838,0.3920005609895885,0.278591730716918,49.0151538232817,67.58127333409607,0.22873201635084014,0.22873201635084014,0.957093971845555,1.7127573170898422,0.3420750808079138,10
P54,1,6,6,0.1709663002354232,0.41505847404998103,0.11125758625346671,83.6121850248382,83.6121850248382,0.2829410228870454,0.24409217381455783,1.1156254663240397,11.054233992316512,-0.3157167872138038,10
P54,2,7,7,0.20374601851408095,0.6757509515860275,0.4159145476346657,65.42307688519647,65.42307688519647,0.4822829385882037,0.4720049330719466,1.7887932112431009,23.874735697382057,-0.0542484951963631,10
P54,3,6,6,0.26240125284095306,0.0925754111081194,0.6088734565700284,52.49190895919087,52.49190895919087,0.17085888930200482,0.16982584173283366,0.5218784272149172,1.4254323811982665,-0.121286341702602,10
P54,4,5,6,0.35762841100867193,0.8324909545194632,0.7062181737602784,48.326394664270204,65.99351351974575,0.47486254351079127,0.47486254351079127,0.7918258477503711,4.611703418803152,0.45481355164432047,10
P55,1,11,12,0.2899066724375198,0.3118356495103748,0.3843019106043344,15.121982356925193,15.121982356925193,0.43481157422958017,0.021928977072855016,1.2662354384408956,9.184516518643717,-0.08572278020372748,10
P55,2,12,13,0.30865492782758147,0.2752483590521068,0.4880666040591263,19.45837393837288,19.45837393837288,0.53663034796009,0.033406568775474654,0.8979971856086407,1.1829472998426476,0.2767017616917178,10
P55,3,12,13,0.3515770933392866,0.28758778921271194,0.4616785948245718,57.21618842269879,57.21618842269879,0.5201965960590869,0.06398930412657466,0.9917687456250012,0.8070604591536517,0.3674256950087693,10
P55,4,7,8,0.7756291771486968,0.4671407459670379,0.5814059351639691,51.18769535590205,83.0196105054793,1.2427699231157348,0.3084884311816589,1.244376065053455,3.841735816817212,0.15726517912152027,10
P56,1,13,13,0.18459402795257074,0.3843049697686123,0.18479998629117628,78.78987148745814,78.78987148745814,0.5671083833070791,0.19971094181604154,0.7068869267170887,1.4121603341587616,0.25929158490240733,10
P56,2,13,14,0.39979693057488963,0.2235936655454296,0.30017880718498174,72.53165698943418,72.53165698943418,0.4580661481234553,0.17620326502946004,0.5350376092526212,1.3398684105065428,0.3777315659058147,10
P56,3,14,14,0.3081448817098407,0.31379197262055736,0.5616045998185157,48.09951374372433,48.09951374372433,0.16034677937125952,0.0056470909107166345,0.6950698412386604,0.9771755670097723,0.5967696161180143,10
P56,4,14,14,0.3342324084022698,0.33904582926285953,0.2104770044413904,54.1006785056069,54.1006785056069,0.18172322764362703,0.004813420860589723,0.9770187018899474,1.0588519274070707,0.4302882018276053,10
P57,1,11,12,0.29997658715263753,0.22450205367301443,0.6371738104018747,49.2716138689684,49.2716138689684,0.39220411406309696,0.0754745334796231,0.9870812860006571,1.051254867029187,0.37442713398755956,10
P57,2,11,12,0.25775629403163985,0.18722372064575218,0.07240793377168868,76.8132811971293,76.8132811971293,0.39704690122450353,0.07053257338588767,0.7943017320851216,1.377171698435028,0.13544642664156548,10
P57,3,11,12,0.4297351947045752,0.17374063035883186,0.2114597847274191,27.922416215410962,27.922416215410962,0.5503113305602735,0.25599456434574336,0.93133033483996,1.4139235274869169,0.04944789461467636,10
P57,4,11,12,0.3456484936889537,0.3539306915971723,0.6247818457616934,18.907035024329932,18.907035024329932,0.6707413750694914,0.008282197908218603,0.9430471596218143,1.9438019138747507,0.3313388090463034,10
P58,1,10,11,0.49487910609111396,0.33426748480846685,0.734534798163611,36.62094785294309,36.62094785294309,0.22457362105843104,0.1606116212826471,0.7197090588692192,2.8327361273993703,0.46298041443869653,10
P58,2,11,11,0.34545933754762564,0.2961113192494258,0.8242817473050098,25.1359563002664,44.36850956469108,0.04934801829819985,0.04934801829819985,0.346350062039603,0.6963634749801556,0.4980430658145647,10
P58,3,10,11,0.5426565525843132,0.3161303525548686,0.8727542590587755,39.17799344785839,52.78000579836581,0.22652620002944462,0.22652620002944462,0.6806380197631003,0.6933760253115934,0.5955479060506081,10
P58,4,9,9,0.1778895189826438,0.09562957640032105,0.13167452008141026,38.46740404764642,38.46740404764642,0.23581063154910756,0.08225994258232275,0.49126284354130695,0.5321843826386484,0.22933143216842122,10
P59,1,11,12,0.314621712896157,0.4012922468084512,0.7759133553049576,22.586835315673294,22.586835315673294,0.1769533597866147,0.08667053391229423,0.9669616493028729,1.274761052334145,0.4473594479427805,10
P59,2,9,10,0.32785274912392776,0.24748801801516063,0.03363204030381984,88.07266257789868,88.07266257789868,0.3182273154568912,0.08036473110876713,0.8762802113351963,2.2777470486123073,-0.4732887327451776,10
P59,3,10,10,0.24778753646097249,0.1864526675058743,0.6396872434091884,43.140119657203336,43.140119657203336,0.4305029656127226,0.06133486895509818,0.7958896765926848,2.5738342984295164,0.280913606606903,10
P59,4,8,8,0.1660188486917999,0.38981944261031126,0.6764990411208386,24.227671352074932,24.227671352074932,0.328454965961734,0.22380059391851137,0.5757763387098642,1.5921985647962558,0.2399018093878127,10
P60,1,10,11,0.3812895714807599,0.42107448240742823,0.5989152183404728,43.96899679599144,43.96899679599144,0.6606364807928111,0.039784910926668304,1.3995864953190236,2.565675615653774,0.04542787057283615,10
P60,2,9,9,0.35835166365114857,0.6081738143795008,0.09824887494562544,83.67266676799446,83.67266676799446,0.5928077944553269,0.24982215072835223,1.1000534526508827,7.9934830349410255,-3.575074784440086,10
P60,3,11,11,0.29791540718670034,0.120493137197575,0.04460853666019521,79.97722166489025,79.97722166489025,0.4116261981045823,0.17742226998912536,0.4991381765898528,1.0906631590235318,0.1867600232333848,10
P60,4,9,9,0.2397453111693172,0.36688144537643796,0.9077701131644168,6.778523904937154,6.778523904937154,0.3651216825981311,0.12713613420712078,0.7695441052886816,2.2335344172530003,0.5219971373481023,10
