participant_id,context_a,context_b,dominant_cosine,top2_mean_angle_deg,top2_max_angle_deg,eigenvalue_distance,spectral_radius_diff,operator_frobenius_distance,bin_clicks
P01,1,2,0.5377824185262419,50.37267388903783,63.760695000448536,0.288660438335964,0.288660438335964,0.9712342794073163,10
P01,1,3,0.7449216158102218,50.89283326454361,74.37070746143706,0.07211333292134145,0.07211333292134145,0.7799585072293945,10
P01,1,4,0.8844419148574753,23.8126571659291,26.754336378508103,0.14825233043799527,0.14825233043799527,0.8534198227350637,10
P01,2,3,0.018279031881192953,44.35803724505744,80.19044376930584,0.21654710541462252,0.21654710541462252,1.1275444248113102,10
P01,2,4,0.6820476053145441,52.927092062667285,65.21706636003024,0.1404081078979687,0.1404081078979687,0.8843985201561613,10
P01,3,4,0.6707813305327941,48.00727237382836,85.73838323699002,0.07613899751665382,0.07613899751665382,0.9375331753667852,10
P02,1,2,0.36155500356299125,68.59782123688856,68.59782123688856,0.35632550680752595,0.26839050219662725,0.5924515426803799,10
P02,1,3,0.25876211591810827,22.404290357074423,22.404290357074423,0.477918395102731,0.23316420144066283,0.7485705620415487,10
P02,1,4,0.022796284922857832,15.16500131079522,15.16500131079522,0.525045654042945,0.22472350022810206,0.798546672266921,10
P02,2,3,0.14644498931019234,81.57903571822285,81.57903571822285,0.12406758867298842,0.03522630075596442,0.3678576965514349,10
P02,2,4,0.19442965108607357,78.78859267047282,78.78859267047282,0.1690262134799328,0.04366700196852519,0.3987084776104898,10
P02,3,4,0.9290182395809957,21.71770994679998,21.71770994679998,0.05050441567583645,0.00844070121256077,0.5294803549003622,10
P03,1,2,0.8543313555754386,31.291835697470468,31.291835697470468,1.0982171999383687,0.28768993228894485,2.9361194601326366,10
P03,1,3,0.1481385229044345,33.392400424966226,33.392400424966226,0.8843089142144276,0.3066009086470738,3.198931287171842,10
P03,1,4,0.5931959036069904,51.39410591228585,60.87259085751032,0.6055561371795098,0.6055561371795098,3.175706338238418,10
P03,2,3,0.38989995121651216,67.0517257817899,67.0517257817899,0.29400654010235416,0.01891097635812894,1.5248700603920595,10
P03,2,4,0.29441181258387555,32.870362732945765,32.870362732945765,1.6857753428788789,0.8932460694684548,2.766719551091115,10
P03,3,4,0.08342390037998192,79.77375977332387,79.77375977332387,1.443568661191144,0.9121570458265836,2.5691749597387554,10
P04,1,2,0.3693247460414433,70.17794334811576,81.40717306261028,0.1437949704762269,0.1437949704762269,1.0769911960960117,10
P04,1,3,0.8792673796629835,26.01443230303273,35.106136265348596,0.0941063200389386,0.0941063200389386,0.9771423753817927,10
P04,1,4,0.7148055275448373,51.398370837847146,80.04793894012035,0.5843522706708222,0.32884191915256694,0.9021323846314184,10
P04,2,3,0.6295594474962257,63.82114790679352,80.07855946450965,0.2379012905151655,0.2379012905151655,1.0198942983162498,10
P04,2,4,0.37979617806640337,32.95221735071219,41.94730541857337,0.7281472411470491,0.47263688962879385,0.7291900605861873,10
P04,3,4,0.7859419575637194,31.87014612582045,56.88662909159278,0.49024595063188353,0.23473559911362835,0.8062910438193084,10
P05,1,2,0.14561100543125072,54.546227662529304,86.51080997924099,0.7776386967518492,0.3163714038053849,0.899903628595356,10
P05,1,3,0.4181703599031956,65.19759824707118,65.19759824707118,0.5474041873100595,0.3125587963388672,0.9695722827131309,10
P05,1,4,0.2665485712399335,54.95737022147729,81.11286017026917,0.37623958488797826,0.37623958488797826,1.079777068803627,10
P05,2,3,0.12630076700389659,65.48878519143281,65.48878519143281,0.36214313724086616,0.003812607466517709,0.8517417860267251,10
P05,2,4,0.2735970654089697,54.91977765595025,76.85266465950342,0.4013991118638708,0.05986818108259337,0.8180160359090454,10
P05,3,4,0.8875688424242715,14.960712617013847,14.960712617013847,0.2590427105821822,0.06368078854911108,0.488028163750565,10
P07,1,2,0.4509058714545315,61.12633468627581,61.12633468627581,0.9499847238227647,0.4345359700764187,1.0651677147540137,10
P07,1,3,0.10622744656407634,13.80064662881437,13.80064662881437,1.0295322018727238,0.4200113114904698,1.0261252480192076,10
P07,1,4,0.4572646692388598,22.001141894785878,24.34031856252476,0.9257470298396833,0.5923055338931567,0.9883884104088979,10
P07,2,3,0.04932563849418159,87.17270182299322,87.17270182299322,0.11115023296407517,0.014524658585948924,0.8513246832956042,10
P07,2,4,0.49834850343294357,60.10088997711994,60.10088997711994,0.29074836576358126,0.1577695638167379,0.5175388273904096,10
P07,3,4,0.8516534320334174,27.037872383684313,27.037872383684313,0.24839720597714932,0.17229422240268683,0.6458574301143641,10
P08,1,2,0.023494158105387606,26.020451134808088,26.020451134808088,0.5239459813378898,0.06683616961673769,0.9570292830500267,10
P08,1,3,0.21994163349770304,58.03265848110998,58.03265848110998,0.2517899631326138,0.02026866458423293,0.8337680763017495,10
P08,1,4,0.8927226165915092,26.78261099578556,26.78261099578556,0.12721934092326748,0.07246273710801168,0.9510026000525263,10
P08,2,3,0.2683349727533288,43.680221837386426,84.2583696540498,0.5870400734433029,0.08710483420097062,0.8781821628585993,10
P08,2,4,0.2549842075620279,28.36090580274242,28.36090580274242,0.4839503641056418,0.005626567491273993,0.8724791894053027,10
P08,3,4,0.16381224362616378,62.18502608783772,62.18502608783772,0.1492087431784296,0.09273140169224461,0.8176122952482098,10
P09,1,2,0.35013872664475604,45.32366209460828,72.0889652726618,0.7783189145362218,0.0869618809511058,0.9329209312685292,10
P09,1,3,0.06881987660466994,40.745350606195785,40.745350606195785,0.6188791738949577,0.1283928795589921,0.5873624415448496,10
P09,1,4,0.7646346304974803,48.58716820393751,72.14784130673483,0.06084707715747273,0.06084707715747273,0.5726408262115315,10
P09,2,3,0.009483290911046494,48.104957400967365,48.104957400967365,0.35993055016264275,0.041430998607886294,0.9234521793105553,10
P09,2,4,0.5211673579408354,59.942226686083124,89.93048185149622,0.8391659916936945,0.14780895810857853,1.1120521183871324,10
P09,3,4,0.3843895631894639,64.82329499526698,64.82329499526698,0.6737115310693711,0.18923995671646482,0.6779704966306648,10
P10,1,2,0.3741227076030591,48.02357356413799,75.2484996232767,0.1819332232705777,0.1819332232705777,0.6598445762942398,10
P10,1,3,0.9811174378542602,11.147403902517242,11.147403902517242,0.23116544252461851,0.04832165654518822,0.7182616661041983,10
P10,1,4,0.010097817016754537,43.04049404220492,68.92635978081907,0.5029896727552051,0.0262139647888274,0.6241556599369082,10
P10,2,3,0.45865198954592173,41.04448912423051,41.04448912423051,0.32263174892628466,0.13361156672538949,0.8062238203459574,10
P10,2,4,0.26027928239441417,37.775495448402744,71.8671107138958,0.6849228960257828,0.2081471880594051,0.7285692550028793,10
P10,3,4,0.01413570369664113,28.22007984682835,28.22007984682835,0.5078428876927044,0.07453562133401562,0.7116666423785866,10
P11,1,2,0.07377155979553891,83.2905557187325,83.2905557187325,0.31152873467265424,0.02157609760758805,0.8272161558570962,10
P11,1,3,0.21507560652974517,38.82615585628245,38.82615585628245,0.44217611282959574,0.19364481836844705,0.9041701304643559,10
P11,1,4,0.31306289801566034,24.924515744917795,24.924515744917795,0.2886242468163816,0.11220145323501057,0.6549211466365971,10
P11,2,3,0.48119953520603753,62.95293834063757,83.33174117524352,0.2152209159760351,0.2152209159760351,1.1585234979772476,10
P11,2,4,0.7396181953507577,53.68698673947084,86.73899320297555,0.09062535562742252,0.09062535562742252,0.7525988302983332,10
P11,3,4,0.14319577297165112,36.14042124906571,66.32834710631639,0.3058462716034576,0.3058462716034576,0.7798646125350875,10
P12,1,2,0.8479917623104225,21.075221236407657,21.075221236407657,0.8080345148506474,0.3741850324211541,1.0917006167565801,10
P12,1,3,0.321708156415581,31.20729993039759,51.343735342700334,0.8114720660117413,0.44190352107046105,0.849194155937461,10
P12,1,4,0.4051019927364366,13.57536407339357,19.97134510642085,0.9233680189514619,0.3300075681307404,0.7879531136577541,10
P12,2,3,0.31268651822835797,71.2056137449844,71.2056137449844,0.19996352232198414,0.06771848864930693,0.5697970341016526,10
P12,2,4,0.7336824661189882,11.845636747602239,11.845636747602239,0.24246127821774954,0.04417746429041369,0.5745346653086141,10
P12,3,4,0.6948660595110902,33.001937076144856,63.18692944503182,0.11189595293972063,0.11189595293972063,0.5283946618526321,10
P13,1,2,0.2711320853956906,62.84341900038727,62.84341900038727,1.0254119158679795,0.40987569771630955,2.158960752123179,10
P13,1,4,0.368217561676201,68.19665846476835,68.19665846476835,0.42308581143040586,0.4057797368201573,2.1438899700339786,10
P13,2,4,0.7335536995317197,42.8148535226212,42.8148535226212,0.6316034542853871,0.004095960896152273,1.201385522819761,10
P14,1,2,0.2649083860086133,47.678834670192806,47.678834670192806,0.5299960840647245,0.0549196269783776,0.630301630070582,10
P14,1,3,0.364456230995794,65.38136594049882,65.38136594049882,0.3419492110422554,0.06472360766963542,0.8024765756288132,10
P14,1,4,0.4970985618266732,70.66937614843938,88.98203236295477,0.022173724775427672,0.022173724775427672,0.5560279185280903,10
P14,2,3,0.06939713964856647,86.02063834223281,86.02063834223281,0.24584463605989101,0.009803980691257819,0.8797700387545968,10
P14,2,4,0.7191793714708409,43.96910008737428,43.96910008737428,0.5502674070800255,0.07709335175380527,0.7215367182631625,10
P14,3,4,0.12345751232443487,14.122632992117177,14.122632992117177,0.35775432265442314,0.08689733244506309,0.6154726310035021,10
P15,1,2,0.5035078392988201,39.597673549902545,63.66453851937036,0.08678467672878581,0.08678467672878581,0.7659378052360455,10
P15,1,3,0.8561421228423648,27.223030789955313,27.223030789955313,0.2881484552932718,0.10931170602293844,0.6119400363015783,10
P15,1,4,0.09287862496005247,50.92893513937221,81.70908963186623,0.04739371788379604,0.04739371788379604,0.6226514561459193,10
P15,2,3,0.19030314578127083,79.02529860781074,79.02529860781074,0.3575686914643072,0.19609638275172425,0.6973909635388892,10
P15,2,4,0.4086105648211809,36.476828904798104,64.85413531681704,0.13417839461258185,0.13417839461258185,0.7397717851631646,10
P15,3,4,0.5853745256893385,52.32001248406395,52.32001248406395,0.25477253150028983,0.0619179881391424,0.5876069328891883,10
P16,1,2,0.462385840334175,49.6229540208511,85.09358591603177,0.03257029575893866,0.03257029575893866,0.8463356252686667,10
P16,1,3,0.12460442960608482,66.9080174036081,66.9080174036081,0.4736639291232994,0.18653212905789923,0.8422131527671783,10
P16,1,4,0.32963473381157077,70.2962259942046,70.2962259942046,0.4067553821982766,0.2509816272811141,0.6899545679929289,10
P16,2,3,0.14127465953533694,28.09983546960213,28.09983546960213,0.4448088281926431,0.15396183329896057,0.7195819858745773,10
P16,2,4,0.17296240773625576,18.437571109705424,18.437571109705424,0.37660484393862637,0.21841133152217546,0.8023461094275556,10
P16,3,4,0.8512515447967357,31.65194367259216,31.65194367259216,0.07851586097854893,0.06444949822321488,0.6762476745824846,10
P17,1,2,0.3911476311528086,46.945316667770456,63.99825965902225,0.06934518451346072,0.06934518451346072,0.9623875006457654,10
P17,1,3,0.31054420044551234,33.521012273233794,54.25797180709421,0.7967602947145596,0.41042115184691585,0.8377390466131359,10
P17,1,4,0.7114543088650709,14.243055983154411,14.243055983154411,0.747239650625634,0.4381255462364746,0.7276065944616124,10
P17,2,3,0.08057339485206175,52.52313245546513,62.11580157093062,0.7274151102010988,0.34107596733345513,0.8271478679698201,10
P17,2,4,0.23386421256708512,69.90208330095976,69.90208330095976,0.6784656785417431,0.36878036172301387,0.772749692181792,10
P17,3,4,0.44212741870003086,39.51592116471492,39.51592116471492,0.10655618949594806,0.027704394389558795,0.6978010837874455,10
P18,1,2,0.6726594554195996,50.61244557709448,74.17534922135262,0.09359803798825761,0.09359803798825761,0.7770633665177658,10
P18,1,3,0.024836671603490255,86.41050580432965,86.41050580432965,0.5931710971781162,0.11881086665963408,0.9212505902495315,10
P18,1,4,0.41102363652647117,25.640073069864734,25.640073069864734,0.5776199582893553,0.2091166481058749,0.7147303429794089,10
P18,2,3,0.4203507281978351,64.23806045799532,64.23806045799532,0.510186139647759,0.025212828671376475,0.7602582412730607,10
P18,2,4,0.36248384389064736,68.73728959091882,68.73728959091882,0.4860387463105221,0.1155186101176173,0.7262137368376279,10
P18,3,4,0.21707346018665413,77.46279885287237,77.46279885287237,0.14819042195504054,0.09030578144624082,0.7482374128090362,10
P19,1,2,0.8364258824020107,25.138701748404497,25.138701748404497,0.6322081791073914,0.19078522160392852,1.632019006142932,10
P19,1,3,0.6100178620509376,52.40920548139944,52.40920548139944,0.33075997257960116,0.16569772414394945,1.0758582084775754,10
P19,1,4,0.5139733186791553,59.07114515926308,59.07114515926308,0.4531679098169943,0.05655412588608155,2.1358289334031104,10
P19,2,3,0.3967509340763903,39.42815205349055,39.42815205349055,0.4013633885237847,0.356482945747878,1.0340876260686656,10
P19,2,4,0.45818219475980065,59.33823546555666,59.33823546555666,0.25314089513791843,0.24733934749001008,1.926633533509438,10
P19,3,4,0.351986123969926,69.39115645962974,69.39115645962974,0.1563740263363424,0.1091435982578679,1.452147623259895,10
P20,1,2,0.4717810562661008,61.850029009281045,61.850029009281045,0.1944372012225229,0.06393438949513751,0.5233828862666189,10
P20,1,3,0.49599668309065914,45.766239291739865,45.766239291739865,0.7645704436436342,0.6173058172638404,0.8626103153855752,10
P20,1,4,0.5577190585117251,56.10179824582918,56.10179824582918,0.1433640218281728,0.034033321035376624,0.5006499349394837,10
P20,2,3,0.22423749789425704,11.868683141058309,11.868683141058309,0.5710989049848116,0.5533714277687029,0.6331787960358279,10
P20,2,4,0.09569289900818065,84.50879830204886,84.50879830204886,0.05805823974380904,0.029901068459760885,0.3499317798085303,10
P20,3,4,0.7033987334518461,44.97175533507911,44.97175533507911,0.6267408746686848,0.5832724962284638,0.7134801356129367,10
P21,1,2,0.14785641629543528,41.68321404594994,78.42574419508367,0.1440678829744037,0.1440678829744037,0.779688141308407,10
P21,1,3,0.14197594924999407,32.761668996187,48.473894853901264,0.7261672591467757,0.011676540692617032,0.6668134888112341,10
P21,1,4,0.951237611575141,26.20059641325409,41.82483602768891,0.013656848306557667,0.013656848306557667,0.7584196284710326,10
P21,2,3,0.08970396441708227,67.86181029175779,87.51805750320649,0.5820993761723721,0.15574442366702074,0.7849732477964628,10
P21,2,4,0.18078583168715492,46.292221648271685,72.47327701621182,0.15772473128096137,0.15772473128096137,0.8375219690162706,10
P21,3,4,0.18126787904500405,36.7261200728615,61.92746564892888,0.7398241074533334,0.001980307613940635,0.7125126939579323,10
P22,1,2,0.6106094052537722,40.0108911945904,55.00080988623826,0.14607051434644858,0.14607051434644858,0.4904081469945997,10
P22,1,3,0.469653984176773,17.912043312085654,35.4246204316189,0.12097433187068907,0.12097433187068907,0.5894250662360102,10
P22,1,4,0.05407118369291141,77.24835072315952,77.24835072315952,0.46823857863789536,0.2509698506977963,0.6410067636060554,10
P22,2,3,0.9439979211115119,25.74027305588339,49.64136039277894,0.02509618247575951,0.02509618247575951,0.46418164084843155,10
P22,2,4,0.5270717046592476,58.017659983557955,58.017659983557955,0.3380671298623824,0.10489933635134771,0.46794578748300153,10
P22,3,4,0.40561753286275287,56.67285828303624,56.67285828303624,0.3595637397261723,0.12999551882710722,0.5705171667598353,10
P23,1,2,0.6657299847779714,38.98593014284393,38.98593014284393,0.7534096861759298,0.12717606617482347,1.0905252744135245,10
P23,1,3,0.03697633447046799,30.4054436758137,42.60465693147354,0.8293019360718035,0.07787420047166882,0.7178541674162716,10
P23,1,4,0.7485914343804903,52.33895054654078,82.22051622941642,0.09687838881213384,0.09687838881213384,0.7857654408095123,10
P23,2,3,0.41292860443323776,55.54356645279943,55.54356645279943,0.19027442852749685,0.049301865703154646,0.8658779995019211,10
P23,2,4,0.7805053717461813,12.118984747291524,12.118984747291524,0.6592343079574853,0.030297677362689623,0.6469432750639644,10
P23,3,4,0.6855706810296698,47.60669603314032,82.5306070316755,0.7324235472596696,0.019004188340465022,0.8336474630484314,10
P24,1,2,0.11645329237179418,15.88855162559895,25.809372381680856,0.5548812421094352,0.1661546078825847,0.4922555626368397,10
P24,1,3,0.7483984642070247,59.99514504899083,82.62463607507213,0.04728623167486784,0.04728623167486784,0.5334791812131342,10
P24,1,4,0.12644579728186742,35.64241187331018,67.37400757533013,0.7604426988603773,0.039406848868357325,0.6220078922461069,10
P24,2,3,0.19731628092436926,66.28707258624814,86.05652555019914,0.5075950104345675,0.11886837620771687,0.46779697075302656,10
P24,2,4,0.5376310274541278,41.20248914970253,57.54577969420402,0.20556145675094203,0.20556145675094203,0.4619681089137612,10
P24,3,4,0.03331178012895178,31.80842126210873,51.62558594848239,0.7131564671855095,0.08669308054322516,0.5607380472956403,10
P25,1,2,0.7297468873856795,37.09573735710728,59.24595191415994,0.16731664307198452,0.16731664307198452,1.0605997024798783,10
P25,1,3,0.537347315113711,40.48404326654766,79.9634767028044,0.1976911136290247,0.1976911136290247,1.0044378087766417,10
P25,1,4,0.15670801305873341,50.13583239991352,81.01497921944737,0.14195438365710578,0.14195438365710578,0.8822768263306812,10
P25,2,3,0.7573343363004252,54.87010899721912,72.33513265365367,0.03037447055704018,0.03037447055704018,0.8012037574842709,10
P25,2,4,0.5259549496416486,48.6107500803156,81.75378859302874,0.02536225941487874,0.02536225941487874,0.9588784621459778,10
P25,3,4,0.29752161855068804,33.207239860130684,45.180393253024825,0.05573672997191892,0.05573672997191892,0.8387219950039247,10
P27,1,2,0.0007906812275464276,28.400148646943833,28.400148646943833,0.53110693851188,0.11479786544931644,0.5621439311309305,10
P27,1,3,0.6153773322021467,46.94303089249464,46.94303089249464,0.18321029556875595,0.0542769046722171,0.6705286582380198,10
P27,1,4,0.3213204239529134,64.83735393748002,64.83735393748002,0.3166944232925627,0.17528458837502,0.8054196337391382,10
P27,2,3,0.15334056199836987,56.74637610086202,86.10031289553582,0.5300023268609404,0.16907477012153355,0.6725366809822605,10
P27,2,4,0.1247662394977317,62.47570987087302,67.41695294516599,0.7595638199081776,0.06048672292570356,0.7608370881890479,10
P27,3,4,0.002805033914533711,44.559136860106186,69.79086753284706,0.2295614930472371,0.2295614930472371,0.744668228460529,10
P28,1,2,0.13272352255972905,42.847165625503585,42.847165625503585,0.3072219924495712,0.15692899828903145,1.5518373755831059,10
P28,1,3,0.2909137656731092,72.79482954397736,72.79482954397736,0.929378202735864,0.21360612703990506,1.5406317440186734,10
P28,1,4,0.2159379486062556,55.19728389069991,55.19728389069991,0.3698993270963168,0.3005605377128432,1.2584299644062933,10
P28,2,3,0.43693998517249316,66.91998928075712,79.9236624648487,0.8044867369229033,0.05667712875087361,1.3292273439856463,10
P28,2,4,0.47222605775118215,36.536589171911594,69.52279598367862,0.14363153942381174,0.14363153942381174,1.3883078177443662,10
P28,3,4,0.27880134713304994,48.26488249726722,85.97121532574403,0.6608551974990915,0.08695441067293813,1.3464609676308545,10
P29,1,2,0.5643261480555697,37.59155608931246,37.59155608931246,0.4755953563887092,0.19543204029988756,0.8419121986346326,10
P29,1,3,0.21544588710310625,47.01412551088203,84.75368104318156,0.49584765759363925,0.24310945314726776,0.7845969885867996,10
P29,1,4,0.3018971786376938,67.31600921279575,67.31600921279575,0.46519947388127403,0.08854738596345363,0.9357807121435757,10
P29,2,3,0.2584648566283467,40.75567973234178,40.75567973234178,0.16109219800891256,0.047677412847380196,0.5204479766611702,10
P29,2,4,0.19473435634162178,78.77079414883923,78.77079414883923,0.37113054269548346,0.28397942626334116,0.8210297806567743,10
P29,3,4,0.832689041612002,33.45240434742771,33.45240434742771,0.519790784474086,0.3316568391107214,0.8683307845472279,10
P30,1,2,0.9687070265909921,32.46230373419562,57.459678030055024,0.9434055357419843,0.3051555468688535,1.201038489614659,10
P30,1,3,0.10271397087138118,35.50372996247413,41.171840465324934,1.1490516586786121,0.09950942393222573,1.0751042620333584,10
P30,1,4,0.1420069912956731,26.14125149867182,41.59046862672227,0.976695844914256,0.27186523769658183,1.139634606648675,10
P30,2,3,0.020168260712746258,42.84205419188678,73.27342527375058,0.20564612293662776,0.20564612293662776,0.8988588407927457,10
P30,2,4,0.24515722025996303,18.279314154844784,32.724825917793765,0.03329030917227166,0.03329030917227166,0.5122370201898041,10
P30,3,4,0.5241882456403681,46.87546075186521,68.01555559976607,0.1723558137643561,0.1723558137643561,0.673805984122481,10
P31,1,2,0.22391844487396403,52.416026964587054,52.416026964587054,0.5473544773567361,0.0535844447365415,0.7709197965997457,10
P31,1,3,0.2302977439668389,50.62206627141232,82.8007789708548,0.005231560698725046,0.005231560698725046,0.6691962276180831,10
P31,1,4,0.41175461994637286,31.166341081578558,53.83219261854741,0.4262854801644646,0.11457627872013093,0.687965193644427,10
P31,2,3,0.5981829107080838,17.102358647292117,17.102358647292117,0.5520904568595932,0.04835288403781646,0.7834472915464383,10
P31,2,4,0.3519236504680444,62.71934836951544,62.71934836951544,0.24344684187538876,0.16816072345667243,0.6431364460025963,10
P31,3,4,0.41999413612943326,47.09475854294276,86.86601314321366,0.43151704086318965,0.11980783941885598,0.6240273361895422,10
P32,1,2,0.6833583080395238,46.89336623577568,46.89336623577568,0.16349691872614022,0.030875039065941523,0.7102481405396551,10
P32,1,3,0.6877551895238642,46.54732569696632,46.54732569696632,0.16348134759682798,0.08657995905668131,0.751775298574447,10
P32,1,4,0.27130327341866883,69.45489560858003,69.45489560858003,0.6086228920347202,0.16186506247730964,0.8621127012806729,10
P32,2,3,0.7858918829082406,38.196758071023545,38.196758071023545,0.2918770255331176,0.11745499812262283,0.9255413172758363,10
P32,2,4,0.2681288009265035,63.49529203379604,63.49529203379604,0.5038216744631032,0.13099002341136812,1.0536255750871037,10
P32,3,4,0.3405797074013645,51.38123684455707,51.38123684455707,0.6091871019706849,0.24844502153399095,0.6073581741508999,10
P33,1,2,0.7882098261602289,28.220151092507173,36.03782391066723,0.1536963470371921,0.1536963470371921,0.9766444962578312,10
P33,1,3,0.8806367844755424,39.03252952399384,70.09942028785304,0.270706951054692,0.270706951054692,0.76188721605324,10
P33,1,4,0.13161868872361207,58.05671742549863,87.8639805339384,0.8101849957623418,0.07112338149262876,0.919842236159967,10
P33,2,3,0.5783680886792142,51.11552652716071,89.21461842537326,0.11701060401749991,0.11701060401749991,0.5301128613074885,10
P33,2,4,0.008800416510037545,38.06893334867166,73.59189433292042,0.6564886487251498,0.08257296554456334,0.8931697611719047,10
P33,3,4,0.16364945716999005,71.92903718046145,89.2052546319426,0.5394780447076498,0.19958356956206325,0.758058611074228,10
P34,1,2,0.8248402780462428,34.427698683927666,34.427698683927666,0.08611302586306503,0.05217303782637761,2.834001952262839,10
P34,1,3,0.22241967477058472,3.2052057143709463,3.2052057143709463,0.5850719914318245,0.2806379679319387,2.07947112780256,10
P34,1,4,0.8994812757021483,14.175092888316136,14.175092888316136,0.9735853914111325,0.20565744944968561,2.4629539935901525,10
P34,2,3,0.08002536119105041,35.573941951784036,35.573941951784036,0.5835418847282202,0.22846493010556107,2.050025461884736,10
P34,2,4,0.856197341764946,28.65027987994341,28.65027987994341,0.8965039597771045,0.153484411623308,2.374703128850163,10
P34,3,4,0.2062453609724718,18.729292020979436,28.322100916529855,0.8431374161275607,0.07498051848225307,1.5669263153085098,10
P35,1,2,0.5237848283883249,43.25938552177258,85.45847335760834,0.32873129607823354,0.32873129607823354,1.4912861511486373,10
P35,1,3,0.9037800863646035,21.74104379851908,21.74104379851908,0.5791631154144237,0.2744134254886434,1.339885832785217,10
P35,1,4,0.1601493563176695,55.127510688746526,55.127510688746526,0.1410843673462535,0.07937403728654202,1.3349676373816932,10
P35,2,3,0.27127454735670414,73.59362126508854,73.59362126508854,0.6991420751616423,0.054317870589590145,2.0378825676355765,10
P35,2,4,0.243777302402744,40.88926720827069,40.88926720827069,0.2959540274881559,0.24935725879169152,1.881038040296979,10
P35,3,4,0.4049813409336929,66.11004212683649,66.11004212683649,0.46660546696375005,0.19503938820210137,2.1481064945596784,10
P36,1,2,0.3573515153288915,28.654658741400638,28.654658741400638,0.8020231343045807,0.4919334794738256,0.8693871728243426,10
P36,1,3,0.6216295342770338,46.26460540502165,73.09804320654601,0.8148394787306769,0.5534772465887995,0.9979839679431907,10
P36,1,4,0.03660714297147999,87.88408557069683,87.88408557069683,0.63507757180902,0.26274575316081045,0.9500506737610122,10
P36,2,3,0.0864445197853799,68.42276780615808,68.42276780615808,0.16621349842322014,0.06154376711497392,0.533779552650033,10
P36,2,4,0.1980674296488753,78.5760297183584,78.5760297183584,0.3538980757471072,0.22918772631301515,0.6699448404992915,10
P36,3,4,0.5012707774346206,20.69599005182224,20.69599005182224,0.4908717562383807,0.2907314934279891,0.808865213886218,10
P37,1,2,0.9020414827158479,48.915212993766,88.54133948407949,0.08152905981699754,0.08152905981699754,0.8836547414648704,10
P37,1,3,0.8209671817582365,5.009599695385447,5.009599695385447,0.17604122148100507,0.14794766267125198,2.125146623765735,10
P37,1,4,0.9295832213084803,26.993893473053117,49.03305738063486,0.1150577715022888,0.1150577715022888,1.1461916614492802,10
P37,2,3,0.9564610501402213,13.255185590630674,13.255185590630674,0.2510194316033877,0.22947672248824952,2.1197610462930343,10
P37,2,4,0.8724220275685376,28.5338909329888,41.9777479574973,0.03352871168529126,0.03352871168529126,1.3170270807495519,10
P37,3,4,0.9015517188961161,11.107199976118405,11.107199976118405,0.2829077131212549,0.2630054341735408,2.7648250017088123,10
P38,1,2,0.2989051074645558,69.30205138676301,69.30205138676301,0.28873524821108554,0.06827568308765752,1.3640963329762017,10
P38,1,3,0.6099479350240584,32.359369817712796,32.359369817712796,0.48657616966152917,0.13538289173977225,1.1985957366761013,10
P38,1,4,0.08401781777569464,31.96093397941861,56.03143146757869,1.0171638775278866,0.27730253862601084,1.2952093332790138,10
P38,2,3,0.0924104716680979,84.69770498631429,84.69770498631429,0.21310605998258975,0.06710720865211472,1.7028317305002225,10
P38,2,4,0.28080523523794293,49.67278622711951,49.67278622711951,0.9248802999116454,0.20902685553835332,1.3860675829978586,10
P38,3,4,0.5415333217646792,22.631092226024666,22.631092226024666,0.8078946376316345,0.1419196468862386,1.1386478501920863,10
P39,1,2,0.6602102405330044,48.40740624241595,48.40740624241595,0.40700669455755933,0.18978578619977857,0.6853710395186832,10
P39,1,3,0.8925022402849441,25.549811508938074,25.549811508938074,0.2890475204687246,0.17573416100500164,0.7985737077733027,10
P39,1,4,0.9209442197197133,24.714673747610796,41.78877384134639,0.2207215168229326,0.2207215168229326,0.8113388981409406,10
P39,2,3,0.9014199352225014,25.65465634305395,25.65465634305395,0.12419844741163506,0.014051625194776929,0.41796217917548717,10
P39,2,4,0.5652660708502039,48.44949342798853,48.44949342798853,0.22284797773205878,0.030935730623154023,0.6191307734108978,10
P39,3,4,0.746313880664431,41.445754084059146,41.445754084059146,0.14768371835000954,0.04498735581793095,0.4844685982744054,10
P40,1,2,0.8666266966025634,40.157161433928735,68.3858751316852,0.06209682866510574,0.06209682866510574,0.28371318272002793,10
P40,1,3,0.8989289910719754,25.107142028687868,25.107142028687868,0.47101023577905393,0.15772193920159497,0.6390187033552021,10
P40,1,4,0.25756078261261733,21.01033676090706,26.56062014511814,0.6054466822745127,0.056368764450447584,0.5742944296999059,10
P40,2,3,0.8865210725453965,27.526757915019964,27.526757915019964,0.4112847608676924,0.09562511053648923,0.5242727085515639,10
P40,2,4,0.19128182555457143,36.50771318425448,59.46566239561819,0.543349853609407,0.005728064214658157,0.646829995829215,10
P40,3,4,0.14928912657628227,42.06725441401935,42.06725441401935,0.1924494601542403,0.10135317475114738,0.6704549746292551,10
P41,1,2,0.270260382051673,40.579739819519666,77.76022411643119,0.08333810733552188,0.08333810733552188,0.596676937819289,10
P41,1,3,0.8864192286084052,47.46936010894287,84.6975523930603,0.01518199707639159,0.01518199707639159,0.598259393266677,10
P41,1,4,0.7467529903465517,40.28782856727007,68.03679906909117,0.06027404656591112,0.06027404656591112,0.5813145688570307,10
P41,2,3,0.022528349527004304,16.724459714367928,32.322495050435165,0.09852010441191347,0.09852010441191347,0.6485519022389803,10
P41,2,4,0.7069660994930056,23.38525802945672,44.369606081644584,0.143612153901433,0.143612153901433,0.5308861571712326,10
P41,3,4,0.6685415896007977,32.60387079955923,42.30193991138392,0.04509204948951953,0.04509204948951953,0.6405503396068362,10
P42,1,2,0.29875812517125744,72.61697148932744,72.61697148932744,0.055218357741608784,0.04044910245582792,0.4209215338450135,10
P42,1,3,0.01680215847860897,63.83418320135513,63.83418320135513,0.24009363100718648,0.019749109292317046,0.5283527331987101,10
P42,1,4,0.3508428573494265,28.082368339817087,28.082368339817087,0.21651209005538935,0.02857490157326109,0.4816565431724832,10
P42,2,3,0.7161289036549948,20.842572795323104,20.842572795323104,0.2953099896408239,0.02069999316351087,0.610256403263509,10
P42,2,4,0.20166420961846115,76.8453990383671,76.8453990383671,0.2256421585000426,0.06902400402908901,0.582464491189552,10
P42,3,4,0.1165760237111903,54.34146094456983,74.90246424084545,0.31813166885252736,0.04832401086557814,0.5511484608165478,10
P43,1,2,0.8519547819851265,48.41948517374196,76.97587044494645,0.24442531166618697,0.24442531166618697,0.6892133882450716,10
P43,1,3,0.21531965667702946,39.19395122495763,72.31786545878856,0.03397955239417355,0.03397955239417355,0.6242921181114184,10
P43,1,4,0.15876813815359042,70.3149315507838,70.3149315507838,0.36879807441912954,0.19217810928644422,0.5597172212898495,10
P43,2,3,0.6325030181840993,45.655359141941275,85.42300132341538,0.2784048640603605,0.2784048640603605,0.625537461589443,10
P43,2,4,0.5327916005947155,31.200778037332515,31.200778037332515,0.6016199837415503,0.43660342095263116,0.6913470077849034,10
P43,3,4,0.6296304401676321,9.183566060484692,9.183566060484692,0.33773227028195324,0.15819855689227066,0.4441152460784717,10
P44,1,2,0.641616638670312,49.720890602379974,49.720890602379974,0.2016854202420201,0.09222306185801504,0.7713572835802878,10
P44,1,3,0.46075104445249787,58.90263529486643,58.90263529486643,0.2014851114643074,0.06573531270840882,0.7297461670349745,10
P44,1,4,0.6887026987674677,42.463182528877134,42.463182528877134,0.1664151401467235,0.09735928287582724,0.5399473878752306,10
P44,2,3,0.3191498574855569,71.3884803331005,71.3884803331005,0.02665448124449123,0.02648774914960622,1.0119112116463949,10
P44,2,4,0.9272848587446224,21.98454633318548,21.98454633318548,0.038806352845368874,0.0051362210178121925,0.6347444511649397,10
P44,3,4,0.5209216880304511,58.605903164451576,58.605903164451576,0.05344447283739118,0.031623970167418414,0.7270279388421107,10
P45,1,2,0.04360857315695979,33.750779808203625,33.750779808203625,0.6055509558599348,0.35631753614604333,0.6547663540707215,10
P45,1,3,0.5225720658875017,44.8059368123857,74.88778108186702,0.729745130403676,0.26785459586088967,0.736851426171472,10
P45,1,4,0.0020890459154181834,45.09227247693937,45.09227247693937,0.34231943750625227,0.2692908151964728,0.8598408870098327,10
P45,2,3,0.4273030970406406,59.589725551809664,59.589725551809664,0.168679683744658,0.08846294028515361,0.4197879379656402,10
P45,2,4,0.35602941669726357,69.14345185762139,69.14345185762139,0.28443435736013833,0.08702672094957048,0.6455937892073597,10
P45,3,4,0.35666573954779457,59.39420698119819,59.39420698119819,0.4374221907828948,0.0014362193355831332,0.6511256614939428,10
P46,1,2,0.4166662664709452,64.9047587906083,64.9047587906083,0.6690752748605703,0.3386340911547925,0.7298022581934454,10
P46,1,3,0.27184104455512237,70.39233009105978,70.39233009105978,0.45286840517299853,0.2995686709649253,0.983884701909278,10
P46,1,4,0.2525386577873415,60.681346283990294,76.96241076872208,0.3164916973481885,0.3164916973481885,0.862016735662702,10
P46,2,3,0.49173216032136824,60.5455048385804,60.5455048385804,0.250091791691542,0.03906542018986717,0.8434690992902172,10
P46,2,4,0.2774099834889328,40.81435277392797,40.81435277392797,0.3663963183991502,0.022142393806603988,0.6779805634135813,10
P46,3,4,0.8584360161289635,30.857680344933275,30.857680344933275,0.2159164458560171,0.01692302638326318,0.6887205727854205,10
P47,1,2,0.21009459953857584,77.87210392484103,77.87210392484103,0.5498894014320077,0.22243382505875314,0.9154840874218929,10
P47,1,3,0.09174865977441969,47.14600118212565,47.14600118212565,0.7861473538083045,0.17319330912424874,0.7864643831638564,10
P47,1,4,0.7999504000465762,36.87463383150627,36.87463383150627,0.22645758131346502,0.21253400430712838,0.9101017059278814,10
P47,2,3,0.5504791044902089,49.70860890372138,49.70860890372138,0.35669953834647067,0.0492405159345044,0.8070604005095922,10
P47,2,4,0.6956239708079062,45.92303950614798,45.92303950614798,0.3335487383711052,0.009899820751624766,0.712365048579511,10
P47,3,4,0.48297167573510646,50.31806457078491,50.31806457078491,0.5646796541355115,0.03934069518287964,0.7983816543677198,10
P48,1,2,0.10955509636587846,74.01751454208457,86.8144088599169,0.11870977906409436,0.11870977906409436,1.0424402449869599,10
P48,1,3,0.23583880652133354,20.504169778850127,37.78221871458837,0.46107603536006014,0.23185031139309561,0.8253345406604853,10
P48,1,4,0.3139046558523561,69.93812013413668,69.93812013413668,0.22069874647956295,0.017296573950973615,0.842949528481693,10
P48,2,3,0.3819465928042218,57.26064195135277,58.59837194669915,0.5797858144241546,0.35056009045718994,0.8594345243809196,10
P48,2,4,0.10335689748394447,17.091259826592275,17.091259826592275,0.27437174161808764,0.10141320511312074,0.7160034843652932,10
P48,3,4,0.22711673599966462,72.12544995173252,72.12544995173252,0.4613310485956472,0.24914688534406923,0.64426855951117,10
P49,1,2,0.771696751903452,21.700906502985674,21.700906502985674,0.4440819139046498,0.24963262323696933,1.4451726237333595,10
P49,1,3,0.9291430973194051,20.650014794101505,20.650014794101505,0.2981992398125596,0.025841823348388804,1.3976853067890562,10
P49,1,4,0.9923375056205551,7.097418595354445,7.097418595354445,0.24778072640494062,0.12245271577539052,1.546607753585148,10
P49,2,3,0.8938480729470192,56.00793070915889,89.37208150372751,0.27547444658535813,0.27547444658535813,1.9128404368359049,10
P49,2,4,0.7465218504362423,17.764596007958207,17.764596007958207,0.661840472264177,0.1271799074615788,1.8968573165487244,10
P49,3,4,0.9019781050012851,25.55239030514051,25.55239030514051,0.5458912309949722,0.14829453912377932,1.7763511347510264,10
P50,1,2,0.320165140020522,69.9349311055912,77.48481837349031,0.9193035521039385,0.20518704837463114,0.9842628933807069,10
P50,1,3,0.5074579316357501,59.47318880903729,59.47318880903729,0.5852959002328546,0.32724502125648425,1.0170592659781195,10
P50,1,4,0.8580659804093647,30.80337397710966,30.80337397710966,0.4915694782276018,0.4053221020215,0.7858133183807978,10
P50,2,3,0.8334050972783517,16.04921586113726,16.04921586113726,0.448317561844069,0.12205797288185308,0.7518854582738127,10
P50,2,4,0.11752044728674621,77.98383096903365,77.98383096903365,0.4637373449602817,0.20013505364686887,0.6739155945009752,10
P50,3,4,0.006522429115736736,89.62628968972734,89.62628968972734,0.12115795711194366,0.0780770807650158,0.7039179283692393,10
P51,1,2,0.016804891023897733,54.927223795069665,73.71564253391743,0.16767863175016506,0.16767863175016506,0.6837772179799461,10
P51,1,3,0.9339973330020671,23.323964706942043,43.77485421989618,0.07808583523527785,0.07808583523527785,0.5956565565365994,10
P51,1,4,0.07853438087897816,53.60835338284981,60.94164671541422,0.0270616619761907,0.0270616619761907,0.7262681401483108,10
P51,2,3,0.3375593904032141,43.92394644180671,69.58029269262342,0.08959279651488722,0.08959279651488722,0.6128651749033627,10
P51,2,4,0.9839263369282959,39.75645061697337,69.51914051735338,0.14061696977397437,0.14061696977397437,0.5361827987976227,10
P51,3,4,0.4159765564116524,36.00827246649926,52.32042989428218,0.05102417325908715,0.05102417325908715,0.5701126244152103,10
P52,1,2,0.33783049881717947,65.36863236548929,65.36863236548929,0.4220235307437476,0.024332660551656532,0.8783107155734036,10
P52,1,3,0.6488050453068386,39.44832819785751,39.44832819785751,0.21476379852067115,0.06218557478924805,0.7263610631311314,10
P52,1,4,0.4644837011017828,35.87500063943045,35.87500063943045,0.12499127311851953,0.057322252232797494,0.6302154059971283,10
P52,2,3,0.036864134076061476,87.88736201770551,87.88736201770551,0.21885353259722948,0.08651823534090458,0.5606039388174439,10
P52,2,4,0.8310027034076803,33.79812192576542,33.79812192576542,0.30469726402253594,0.08165491278445403,0.695452621144004,10
P52,3,4,0.12802759027081084,82.64437086936971,82.64437086936971,0.09035977257749715,0.0048633225564505556,0.5289075390430805,10
P53,1,2,0.001878462984660656,40.88307761885475,63.16548309643605,0.6726430613439448,0.06659843331133186,0.7469242479731039,10
P53,1,3,0.4602874975412395,46.2003237574574,62.27606493306093,0.18357639817320687,0.18357639817320687,0.8303723995152644,10
P53,1,4,0.43045274309767223,18.41881023895958,20.59238695469398,0.10605243865679126,0.10605243865679126,0.6582892569068933,10
P53,2,3,0.09019051952441855,41.42453585059677,74.54621221663628,0.8562194595171517,0.25017483148453873,0.8209438301557687,10
P53,2,4,0.44255817638203426,29.125851146635096,49.5651720050948,0.5665906226871535,0.0394540053454594,0.5408623825880068,10
P53,3,4,0.25217251542286717,47.55206951824275,78.20750173252907,0.2896288368299981,0.2896288368299981,0.7288925494414333,10
P54,1,2,0.5084074064791738,59.44219400112172,59.44219400112172,0.17854605002274032,0.17804133630336316,0.9071193921575792,10
P54,1,3,0.18458881218878206,79.3628397969406,79.3628397969406,0.19339845647264783,0.14210507070314848,0.59365340864232,10
P54,1,4,0.09368611200047666,46.928357931928566,46.928357931928566,0.5246563659205129,0.15634836412649422,0.6606483633595025,10
P54,2,3,0.6481968820849575,49.59420793758941,49.59420793758941,0.36256011692798257,0.32014640700651165,0.8313622865512775,10
P54,2,4,0.4759434872287573,58.120769191351265,58.120769191351265,0.6674380743614965,0.02169297217686894,0.8715686618440299,10
P54,3,4,0.8604839910461183,30.106436230831914,30.106436230831914,0.3437755602441713,0.2984534348296427,0.3993698964359577,10
P55,1,2,0.06510337759100562,50.344610988220445,50.344610988220445,0.3006602740096722,0.2701039759524669,0.5794512077987262,10
P55,1,3,0.08743956511352108,84.95920959997733,84.95920959997733,0.42078048802481266,0.26142612188208286,0.7315841281938515,10
P55,1,4,0.5686460823287562,43.53689134429839,81.73998820897081,0.1123609548688218,0.1123609548688218,0.5094314268764794,10
P55,2,3,0.709580704907128,44.799189438115995,44.799189438115995,0.12712415383856127,0.008677854070384017,0.48596454133601436,10
P55,2,4,0.5778922149558905,33.28836648907783,33.28836648907783,0.4104131876964862,0.3824649308212887,0.6746278991611812,10
P55,3,4,0.022907656548364397,15.934030887438738,15.934030887438738,0.5271103860522599,0.37378707675090467,0.7713132459869239,10
P56,1,2,0.07772560873825819,54.15086424017234,54.15086424017234,0.5594306058427316,0.03658033636995045,0.7483781155538514,10
P56,1,3,0.14337238348790873,68.54262510186521,68.54262510186521,0.5888534829525139,0.07966930148509177,0.8704666891497123,10
P56,1,4,0.4992088681520561,40.76961195188667,40.76961195188667,0.5384994413884111,0.16539811681419,0.6538222173972947,10
P56,2,3,0.03291567417612335,88.11373007471013,88.11373007471013,0.14312579473707548,0.04308896511514132,1.0119394175209406,10
P56,2,4,0.7667032496789026,39.941240430497565,39.941240430497565,0.2753134003916253,0.12881778044423955,0.7633485483540756,10
P56,3,4,0.2665448586162915,74.5412312233316,74.5412312233316,0.15489463087337638,0.08572881532909823,0.6073694889661473,10
P57,1,2,0.002835708297331874,63.382337267276135,63.382337267276135,0.2673665053561355,0.19682945653197192,0.758840434721382,10
P57,1,3,0.3286333225476153,70.81415528480979,70.81415528480979,0.22854493652383956,0.15802299532534014,0.5550945660137413,10
P57,1,4,0.9049871702748641,7.877021556017313,7.877021556017313,0.3066262419004332,0.019557645535049628,0.7405571141162749,10
P57,2,3,0.06315874496333908,31.72008467364811,31.72008467364811,0.194590898680997,0.03880646120663177,0.6399671933078112,10
P57,2,4,0.4258125194564209,39.375875420246615,60.164030692080345,0.1772718109969223,0.1772718109969223,0.6587738091817311,10
P57,3,4,0.36438132764249753,68.43655150596118,68.43655150596118,0.35093103534844877,0.13846534979029052,0.620585354803657,10
P58,1,2,0.1857276539440945,56.23996300123971,56.23996300123971,0.1131150160014195,0.0189803881722454,0.6631290063272927,10
P58,1,3,0.7796384548564004,21.819067493245814,21.819067493245814,0.17555326330808782,0.12105940997801717,0.6647086316681101,10
P58,1,4,0.41538529082051967,65.45641757739686,65.45641757739686,0.20095223620095756,0.17562355223885526,0.7379212284668571,10
P58,2,3,0.2486269403853018,36.40648990892499,68.45965662126257,0.10207902180577177,0.10207902180577177,0.7320111317265932,10
P58,2,4,0.012939790974319023,28.493740884825733,28.493740884825733,0.25987690388835005,0.19460394041110066,0.571983035745945,10
P58,3,4,0.5333144195982317,45.00932691162912,45.00932691162912,0.35578342406490415,0.2966829622168724,0.7872516490237775,10
P59,1,2,0.2279982674121494,34.40383411067757,67.53050224705348,0.7552632331961375,0.1876756549121496,0.6950035926550127,10
P59,1,3,0.42470095629922366,49.57709799047661,83.53249775328091,0.24674992482434058,0.24674992482434058,0.9042283508992925,10
P59,1,4,0.4418686214384916,39.70148967169311,64.18405239306558,0.011857718451336263,0.011857718451336263,0.836387733739437,10
P59,2,3,0.369619654829309,42.090680067702394,45.71045210455387,0.5085133083717969,0.059074269912190974,0.7558487760731015,10
P59,2,4,0.3762785420844764,39.91311731107259,73.80489148577684,0.7671209516474737,0.19953337336348587,0.6271342282067434,10
P59,3,4,0.4657114536953364,36.88071115380715,56.563883825824526,0.25860764327567687,0.25860764327567687,0.7184002154265462,10
P60,1,2,0.33406731718664573,41.618779233852024,62.4251024665858,0.22175613384843101,0.22175613384843101,0.7350511696456441,10
P60,1,3,0.04777955795585327,64.76182984283625,83.12386862890061,0.5547452885982198,0.22984890558217258,0.8114722538759728,10
P60,1,4,0.3525369492259819,31.76091500032646,47.46555567626618,0.6333316597924041,0.15126253438798817,0.9061535989012973,10
P60,2,3,0.4267548781891346,55.54358335562021,60.10904216586765,0.7765014224466508,0.4516050394306036,0.6940765757620848,10
P60,2,4,0.685747527658523,30.392110185848917,50.91199408203087,0.8550877936408352,0.37301866823641916,0.8654940475898785,10
P60,3,4,0.2645650850824521,56.43037938767131,72.85464696660118,0.0785863711941844,0.0785863711941844,0.5741556285958241,10
