participant_id,n_transitions,n_train,n_test,n_contexts,ridge_alpha,mse_persistence,skill_persistence,mse_A_i,skill_A_i,mse_DMDc,skill_DMDc,mse_A_ic,skill_A_ic,best_model,spectral_radius,lambda1_real,lambda1_imag,lambda2_mag,complex_pair,dominant_feature,half_life_bins,oscillation_period_bins,loading_choice_prop_A,loading_reward_rate,loading_switch_rate,loading_mean_log_ici,spectral_radius_bias,spectral_radius_bias_corrected,spectral_radius_lo,spectral_radius_hi,eigvec_stability_median,eigvec_stability_lo,frac_replicates_complex,n_boot_ok,spectral_radius_sample_bias,spectral_radius_debiased,noise_ratio_choice_prop_A,noise_ratio_reward_rate,noise_ratio_switch_rate,noise_ratio_mean_log_ici,spectral_radius_attenuation_corrected,skill_h1,skill_h2,skill_h5,skill_h10,bin_clicks,att_loading_choice_prop_A,att_loading_reward_rate,att_loading_switch_rate,att_loading_mean_log_ici
mmgkzukxhc834b,102,70,32,4,10.0,2.5793076505016206,0.0,1.3185294136752264,0.4888049072320627,1.324216661223862,0.4865999560128743,1.2981343862999086,0.49671207851167,A_ic,0.34458061545538965,0.34458061545538965,0.0,0.25998239779338156,False,reward rate,0.6505814520693382,,-0.1442148577468894,0.9852359921263364,-0.08888318615130474,0.024736488098975468,0.023771494764529277,0.32080912069086037,0.20413515188137044,0.5353128726887035,0.9385035615204368,0.101560543869593,0.4766666666666667,300,0.02496437237696536,0.3196162430784243,0.12784810126582277,0.252330271118082,1.6247259832366225,0.1,,0.476863520580275,0.46384039248224024,0.23342934465545714,,10,,,,
mmglwqjldp7qzs,54,36,18,4,10.0,1.0193675974860044,0.0,0.9296959639977334,0.08796790648380615,1.2625928019570256,-0.23860401789390862,0.9068647383814851,0.11036534747815929,A_ic,0.7041713102481146,0.7041713102481146,0.0,0.4986690665743427,False,P(A),1.9762781577848358,,0.9882786003287137,0.14369287344855847,-0.051534673736637115,-0.0013941503769153618,-0.01152530525047879,0.7156966154985934,0.5307851366267218,0.8101372246585863,0.8806530934259971,0.3749910691251509,0.57,300,-0.044615446540070214,0.7487867567881848,0.042581341434167405,0.3884566900774358,0.19737931034482767,0.09999999999999998,0.7328320562380756,-0.4398727584794902,-1.6746091783249024,,,10,-0.9815706897718529,-0.15203013201922186,0.08961290329159967,0.07331676140336103
mmgnnwigzcjcjb,78,53,25,4,0.01,1.1801432861196077,0.0,1.934665418429162,-0.6393479005337352,1.6014495853278254,-0.35699588699394447,1.9494021488478694,-0.6518351388140653,DMDc,1.0389870258620086,1.0389870258620086,0.0,0.5721025734287296,False,mean log ICI,inf,,-0.07432546968510553,-0.15766396051806258,0.26816486830976255,0.9474731677014684,-0.17509437337885714,1.2140813992408659,0.43920192451853973,1.2436034410103707,0.7858938193655826,0.14834433884984952,0.71,300,-0.0008252554295200554,1.0398122812915287,0.3161876865259201,0.25253712871287115,0.46986301369863004,0.09999999999999999,1.266538284182507,-1.206771175414057,-4.590551221851544,-0.7394069580508916,,10,0.08406693420624016,0.5272821439423695,-0.05486559279818932,-0.8437393305871225
mmgp4bc8msbt9i,108,74,34,4,10.0,1.0333173564948999,0.0,0.5990697584279479,0.42024610864948275,0.5101212246997917,0.5063266657688146,0.4544754790063392,0.5601782200311058,A_ic,0.6884089675584599,0.6884089675584599,0.0,0.5183937364110054,False,switch rate,1.8564510231976696,,0.11456883472597798,0.4226266902076473,0.8531883092654013,0.28342613105800063,0.0072026623106075105,0.6812063052478524,0.5241061705599056,0.8419600656680837,0.8936822889818512,0.2610292371895303,0.26,300,-0.02217805099604575,0.7105870185545057,0.30171602315798235,0.25482527919977993,0.1433427909248694,0.09999999999999998,0.7827821537784942,0.4181678342484069,0.24791907551597306,0.39355234217167034,,10,0.1320821240334001,0.35528918043995567,0.9011281213790967,0.21045669301048633
mmgp4tj5u4fkle,93,63,30,4,10.0,1.230088094136964,0.0,0.9378131070321146,0.2376049231741496,0.905021228926543,0.26426307738429866,0.8245561556479217,0.3296771511097062,A_ic,0.7547118329935371,0.7547118329935371,0.0,0.3990104451406057,False,reward rate,2.4630408361678184,,0.020523361610232365,0.8600394909791315,0.49509731358215536,0.12161215263412198,-0.02821955004619181,0.7829313830397289,0.5144428251612858,0.8414041781934413,0.9813299038100312,0.855643649350767,0.36,300,-0.048791651656150514,0.8035034846496876,0.2013815955744011,0.16474646943486132,0.1442047742306586,0.09999999999999999,0.8728656720061119,0.1897016617447758,0.30822806596280633,0.056624170522471796,,10,-0.007922725680100594,0.8763434733375738,0.4541457905563754,0.16034633789506975
mmgp5kmow73uh4,25,15,10,3,10.0,1.8972343008506691,0.0,1.0006684362490055,0.47256465065999886,1.6764888101622835,0.11635120163567003,1.0111259575128106,0.4670526686875476,A_i,0.459432041077127,0.459432041077127,0.0,0.10795747692683784,True,mean log ICI,0.8912047377050791,,0.09392972604003819,-0.3741183491619589,0.06900982378373353,0.9200273428587392,-0.03620403429892466,0.49563607537605164,0.20662033020720366,0.6096628055513538,0.9257588421445273,0.2529416092174161,0.7366666666666667,300,0.02900970040405343,0.43042234067307356,0.09519832985386223,0.49645390070921985,0.6887755102040817,0.1,1.902047460671226,0.3892768871027185,0.14342030540980893,,,10,-0.19074640172532034,0.2457236868413663,0.11443621158149582,-0.9434723278574757
mmgp92mecyqm9v,114,78,36,4,10.0,1.0840302346180621,0.0,0.5157974730746849,0.5241853440956685,0.4780541787089624,0.5590029102118209,0.4927346340222759,0.5454604324796515,DMDc,0.6833038991734068,0.6833038991734068,0.0,0.21830258019447615,True,mean log ICI,1.820165018611685,,-0.06415461449834935,-0.5490112715704063,-0.4864598889971926,-0.6766295777780137,-0.2526661623779127,0.9359700615513196,0.1696759416613946,0.7043576872419613,0.888641487279906,0.07471925867818775,0.76,300,-0.02553855645657388,0.7088424556299807,0.1520703933747412,0.25990133434798024,0.6124695189536686,0.1,,0.5039769484043233,0.46333774020523855,0.46356015364293235,,10,,,,
mmgp978sldfue2,94,64,30,4,10.0,1.456933635229613,0.0,1.1024554841897711,0.24330425385777854,1.0834217390330882,0.25636850379781306,1.054024027304258,0.27654630120599577,A_ic,0.6061697961277281,0.6061697961277281,0.0,0.29903422035039795,False,reward rate,1.3846462429242088,,-0.13904953822171237,0.8498957907401745,-0.3699182621948817,-0.3485725894231803,-0.00953876479342175,0.6157085609211499,0.3744661916095067,0.7533502793300118,0.9365630437847069,0.49874625516972354,0.69,300,-0.03971995012563134,0.6458897462533595,0.3521098265895953,0.2145168694055543,0.590642300940721,0.09999999999999995,1.0635449077962282,0.2139386764240595,0.26657812937846487,-0.13914857044278484,,10,-0.05374191025558021,0.411149147995301,-0.8885294628869703,-0.1964270316596248
mmgp9zmmkmd16z,100,67,33,4,10.0,1.1795101256263196,0.0,0.8873240194237414,0.24771818389217093,0.8262517830124452,0.2994958118111062,1.1951980254387564,-0.01330035196103685,DMDc,0.6539050093402069,0.6539050093402069,0.0,0.2724421925000542,True,reward rate,1.6317285848880594,,0.022072960671424436,-0.7258683092147465,0.6374010865593347,-0.2575807386779965,-0.024848477751825304,0.6787534870920322,0.4468385658617047,0.7655906238149139,0.977656756238036,0.86500098449294,0.83,300,-0.03427614299714887,0.6881811523373558,0.3367228253207388,0.18970670914542728,0.48818508666803073,0.1,1.1787728307292136,0.24951984679191547,0.30065944369848646,0.14987331484559113,,10,0.2758284936778538,0.33420676735251176,-0.811266667041107,0.3925186284486431
mmgpaypnlftqhj,84,58,26,4,10.0,1.36794226123562,0.0,0.7972385967391792,0.4171986498764515,0.8788501492015282,0.3575385642317316,0.8976378047826542,0.3438043181940693,A_i,0.5676013320662041,0.5676013320662041,0.0,0.19861821090186574,True,reward rate,1.2239151257257566,,0.34286299306685014,-0.8796295829905928,0.04183692117730484,-0.32702666059427155,0.01527317912242887,0.5523281529437752,0.40252224483233723,0.7154340506005723,0.9745601307900065,0.8742451478926404,0.62,300,-0.02852089547566594,0.59612222754187,0.14213589004655283,0.23003509437541494,1.4716312056737593,0.09999999999999999,,0.224358967443717,0.2675669535741487,-0.2983773732335281,,10,,,,
mmgpciu4ujf1yx,98,66,32,4,10.0,1.6064999741745756,0.0,0.9111792010463657,0.4328171704362882,0.8357596511970352,0.47976366969663287,0.8384450639280833,0.47809207755581895,DMDc,0.35808887669121114,0.35808887669121114,0.0,0.214637705408807,True,reward rate,0.6749412711915664,,0.057153780331801414,0.9248216375817342,-0.3691129685204132,0.07206941462556891,0.058746980767097445,0.2993418959241137,0.24518130123100315,0.5914326850898042,0.9195027045476452,0.14630511594277337,0.47333333333333333,300,0.01782904269984459,0.34025983399136656,0.09902912621359226,0.25795013850415505,1.4777732212425678,0.10000000000000002,,0.46280763022956084,-0.0665678511233178,0.34343037665877074,,10,,,,
mmgpgi4g2dbojg,97,66,31,4,10.0,0.9117282409270078,0.0,0.47975916229131765,0.47379148659087467,0.49480373984861836,0.4572903222285598,0.44222013284488093,0.5149649720236266,A_ic,0.5623746539968103,0.5623746539968103,0.0,0.28353141736108556,False,reward rate,1.2042439666645144,,0.11708053133705688,0.6612416131311705,0.5653703537882162,0.47896559511399894,-0.08757322803613282,0.6499478820329432,0.21626890507235674,0.7098878986787234,0.9485758606150498,0.12155542126751596,0.5133333333333333,300,-0.03328276644978201,0.5956574204465923,0.15129148098472725,0.16342668863261944,0.7019889687447768,0.1,,0.45508092635925446,0.4402151976017454,-0.7148462806376884,,10,,,,
mmgpiq4cdgzv0g,81,55,26,4,0.01,0.5900794209985717,0.0,0.5377467336572662,0.08868753167623544,0.4871598782787319,0.1744164243953339,0.3951886196604063,0.33027893263648844,A_ic,0.9078097200946743,0.9078097200946743,0.0,0.8105092267586634,False,mean log ICI,7.166498432549618,,-0.3183163543241227,0.2042879085496515,-0.5267639759957191,0.761223267237274,0.0068811241343160745,0.9009285959603582,0.654653141187602,1.0951285714504493,0.902501129257912,0.15420113015874543,0.24666666666666667,300,-0.04671216515213028,0.9545218852468046,0.1422891818372045,0.09655305590421935,0.08545133174864393,0.1,0.9934430096012162,-1.1196312921808316,-738.9640808965158,-5.295745969885861,,10,0.3337812362483722,-0.1981299099739616,0.5096784584666966,-0.7678297298732514
mmgpqa167a1xfr,96,66,30,4,10.0,1.8706461494231719,0.0,1.2350911495784453,0.33975158799578675,1.2179974665043396,0.34888943754546076,1.1797416738131619,0.3693400143170079,A_ic,0.44549157426553043,0.44549157426553043,0.0,0.28470086618704776,True,reward rate,0.8572433144987269,,-0.02476530147591186,0.9864661482851954,0.028265117606922612,0.1596004425333621,-0.019562646630955027,0.46505422089648546,0.2505034962452604,0.601199520397657,0.9396023025887219,0.0829268305938379,0.5366666666666666,300,-0.008364906431893249,0.4538564806974237,0.1629856474725073,0.21301272398215057,2.096266939401688,0.10000000000000002,,0.20789908505784252,0.32977201181878707,0.25103467390221745,,10,,,,
mmgpy8l4j84vky,106,72,34,4,10.0,0.9045046337085473,0.0,0.7116061788982606,0.2132641974639603,0.6809741420118025,0.2471302891840923,0.7329982806860338,0.18961357037975868,DMDc,0.5830516248234869,0.5830516248234869,0.0,0.50580039712911,False,reward rate,1.2848442269450975,,0.22175058758621166,-0.8829224617166342,0.37915872004594675,0.16587124076984508,0.015033430779636703,0.5680181940438502,0.45827657777434166,0.7270274220751987,0.8490627256297363,0.2664116439295696,0.5366666666666666,300,-0.0009768951808099002,0.5840285200042968,0.722619328922495,0.23855895366489774,0.3099823680998236,0.09999999999999999,1.0057096732645745,0.2050621006697678,-0.16594737732581794,-0.03482027257119639,,10,-0.3383280227687691,0.10963108381134135,-0.8708799486754304,0.3392392805481194
mmgq3qou4vm7p2,111,76,35,4,10.0,0.8433321229620301,0.0,0.5712960508060765,0.32257288054021116,0.5001761943182885,0.4069048472130733,0.5090055515183628,0.3964352386689768,DMDc,0.5651856225737227,0.5651856225737227,0.0,0.14454310815345262,False,reward rate,1.2147667110045441,,0.020140361301479174,-0.8499987317309837,0.12521271415772564,-0.5112908155987363,-0.015596259047435668,0.5807818816211584,0.3772858940986706,0.6823962883817118,0.9643957208609717,0.805849890725303,0.62,300,-0.027320928938160738,0.5925065515118835,0.4679894474789136,0.253867652871097,1.649306649858178,0.10000000000000002,,0.27774366312324344,0.13633128655410212,0.04705943746938963,,10,,,,
mmgqyc7o5z5lol,98,66,32,4,10.0,1.0655545945350378,0.0,0.7833323040085793,0.26485953134067997,0.8812495167002177,0.17296633957572383,0.775246829102025,0.27244757511433804,A_ic,0.712271839709651,0.712271839709651,0.0,0.32361780318480543,False,reward rate,2.042900327999851,,0.0778116266425757,0.8918916312405177,0.3509967583139064,0.27436461968609194,-0.02026708175652725,0.7325389214661783,0.5317767837783106,0.8027301208102744,0.9618877757010472,0.8372115711053052,0.45666666666666667,300,-0.04729949818357437,0.7595713378932254,0.6145508047081432,0.1667792780195317,0.5220258516131268,0.09999999999999998,0.9036023668243199,0.2220071774893342,0.23464788421228563,0.37168914508294365,,10,-0.1012609915854998,-0.7926898472942152,-0.5629423485891796,-0.21091450814179116
mmgr4s18tb01tn,97,65,32,4,10.0,1.4514039824984009,0.0,1.0670249912534877,0.2648325317278345,0.9948402060766113,0.31456698612323986,1.0253478937871205,0.2935475538505006,DMDc,0.6469616589966667,0.6469616589966667,0.0,0.1549001144124093,True,reward rate,1.5917284143732668,,0.07052081979701798,0.8336461258207989,-0.07023239632695134,0.5432571779418136,-0.03815019795485741,0.6851118569515241,0.4410862444468271,0.7427642207976136,0.9801497594704773,0.9125971479108053,0.77,300,-0.0387967293668775,0.6857583883635442,0.17211155378486054,0.23103290676416824,1.0093357271095154,0.10000000000000005,,0.30463844214722424,0.4413499389498039,-0.009671584253328333,,10,,,,
mmgr4wtlbsgksz,91,61,30,4,1.0,1.4827844053859185,0.0,1.241021919121379,0.1630462833210179,0.9994513678479058,0.32596312436413677,1.1812963156407414,0.20332564103728212,DMDc,0.827947262408668,0.827947262408668,0.0,0.6214269569152957,False,reward rate,3.6712172478492238,,0.04805471101872781,0.7843099734236714,0.5091578162803648,-0.3511508628177879,-0.006561318527888327,0.8345085809365563,0.6753616927940073,0.9288100641591637,0.9356912743137906,0.5548545349542439,0.4533333333333333,300,-0.04071402701494464,0.8686612894236126,0.5083056478405317,0.13385752178855623,0.12107623318385649,0.09999999999999996,0.9412663474872403,0.10443412650636706,0.1433553675699629,-0.014344698542508439,,10,0.038048462118571484,0.8330873445962809,0.44197007123862525,-0.33042434373582963
mmgr8c41e95y48,65,44,21,4,10.0,1.047586871245356,0.0,0.6680033825545141,0.3623408226179835,0.6857946770648867,0.34535770169625735,1.3639778512326528,-0.30201884795594647,A_i,0.7936322523741947,0.7936322523741947,0.0,0.31804044612292875,False,switch rate,2.9988834703463283,,0.025143218546987055,0.42861311337414015,0.6915801716636403,0.5808403255340617,-0.043548483752431255,0.8371807361266259,0.49150876050142567,0.8822370020596725,0.9951107733777522,0.8685909065694092,0.38,300,-0.0667772090212072,0.8604094613954019,0.15143193409180072,0.21102899374644676,0.11988169569503777,0.09999999999999999,1.1401319095091393,0.22388419812353966,0.13949725482921976,0.699793757904579,,10,0.285059446237858,0.19682479074543102,0.8349346956213194,0.42765075459575397
mmh0l2c7qmhy45,99,67,32,4,10.0,1.5119756487872253,0.0,0.9004761026436231,0.40443743034756796,0.827062309166795,0.4529923085532548,0.8285350986332642,0.4520182257579064,DMDc,0.5695799769744495,0.5695799769744495,0.0,0.26198944987954365,False,reward rate,1.2314821047322857,,0.025687863620665375,-0.7319393057880236,0.6807542437169782,-0.013365850757708107,-0.015202857734885278,0.5847828347093348,0.3829806403566369,0.7333890851227747,0.9602589779766357,0.7275254914317038,0.6,300,-0.033610083658861534,0.603190060633311,0.30295698924731185,0.2180035697411938,0.2226404676843131,0.1,0.7119789210489538,0.39839461217444266,0.3622683103980802,0.12259962922185687,,10,-0.019732826913676615,0.7361459478787298,-0.6764305614980062,0.011893461868334228
mmh0l48dxf0unl,85,58,27,4,10.0,0.9701036368786076,0.0,0.624439368308804,0.35631684639592565,0.5839192557437589,0.3980856956452924,0.545927666091727,0.43724809872036297,A_ic,0.7987216045870534,0.7987216045870534,0.0,0.32109478789152573,False,reward rate,3.0841793701811095,,0.07944017035970595,-0.7998760949484481,-0.4978782096641283,-0.32558375328766703,-0.021434486164151112,0.8201560907512045,0.6702680472585377,0.860586944650453,0.9908242223314162,0.9511030345784562,0.6633333333333333,300,-0.050929255921753125,0.8496508605088066,0.4202932278333721,0.1258552394670508,0.06394070460911151,0.09999999999999998,0.9091914180235985,0.3516803160563718,0.3494663120561289,-16.02013689769833,,10,-0.0761357808080998,0.8059044130214076,0.4990020584759343,0.30938384830197874
mmh0le5hzjr146,96,64,32,4,10.0,1.8956071128258885,0.0,0.9688262555642398,0.48890978040277777,0.8828558237214441,0.5342622330608788,0.8965333818706305,0.5270468359162688,DMDc,0.620722101018062,0.620722101018062,0.0,0.40661586635683405,False,reward rate,1.4535293996204492,,0.12954473635989872,0.9581116545787492,-0.14920893101632743,0.2073087396777589,-0.014475431203013644,0.6351975322210757,0.4015004368440642,0.7388806665574318,0.936797228099084,0.6076352760306225,0.41333333333333333,300,-0.023339610033568547,0.6440617110516306,0.25828566951343723,0.2947619376684403,1.814567720709195,0.10000000000000002,,0.5139155630659478,0.1416908927211473,0.5905674284056631,,10,,,,
mmh0lgopisagl1,87,60,27,4,10.0,1.1726639292742804,0.0,0.8983241465244981,0.2339457843813456,0.8425559350569849,0.28150264195606967,1.0496685022320362,0.10488548677229426,DMDc,0.7642194160930654,0.7642194160930654,0.0,0.3178742255771385,False,reward rate,2.577710343374414,,0.02204344955940816,0.8615317961088877,-0.02945357746942212,0.5063689735747723,-0.023916072018783985,0.7881354881118494,0.5836168907747875,0.8692411412846923,0.9607863467440947,0.7711565559838981,0.39666666666666667,300,-0.04989502383698308,0.8141144399300485,0.40783505154639166,0.13504623818428668,1.6807106598984773,0.1,,0.11325133764894088,0.2670701327626731,0.19963711814664156,,10,,,,
mmh0lku3somrj2,96,66,30,4,10.0,1.5352987765961477,0.0,0.984449989733216,0.358789308804243,0.8934097470397113,0.4180873712278622,0.8047973307829576,0.4758040955603162,A_ic,0.6661097020445746,0.6661097020445746,0.0,0.27050818158887957,False,reward rate,1.7059946787170346,,-0.21732336304328703,-0.9027158878621591,0.36200184440291333,0.08263925414522223,-0.012180558711300637,0.6782902607558753,0.4793338121835314,0.8015095538145519,0.9657056189837689,0.8149647496564162,0.43,300,-0.049451779780561256,0.7155614818251359,0.5624999999999999,0.16545606442105756,0.5710039630118889,0.09999999999999998,0.8035705394997696,0.39399550751750184,0.2591370710803398,-0.3834307668186111,,10,-0.10854885421328404,0.893437735563693,-0.4227690087347363,-0.10607791557743015
mmh0lpcdg8sc9d,31,17,10,4,1.0,1.0071190353923583,0.0,1.1081046079498271,-0.1002717345304931,1.8210471054158266,-0.808174646114572,2.62743496385363,-1.608862380234945,A_i,0.883029343901059,0.883029343901059,0.0,0.4805688800772459,False,reward rate,5.57206390634951,,0.06936836593901491,0.696602472796109,-0.45643024560940143,0.5491852652741501,-0.014721067879433503,0.8977504117804925,0.593697050859028,1.1448906114074224,0.7772687846887121,0.1071873759938352,0.73,300,-0.1328906695939721,1.0159200134950312,0.04526341825377194,0.2194304857621441,0.34180327868852467,0.10000000000000003,1.1183796384940143,-14.190604463592166,-11.996629471030518,,,10,0.44452443723568197,0.46615245208395,-0.3530098365150513,0.6785896929957289
mmh0m3laciusns,101,69,32,4,10.0,1.1641947278790097,0.0,0.8732865443315782,0.24987931707732702,0.7956019453268324,0.3166075002106381,0.8085949013052354,0.30544703395249395,DMDc,0.5248875302548532,0.5248875302548532,0.0,0.2801441106048704,False,reward rate,1.0753615862017212,,0.06002099105157189,0.7889219346242232,-0.5719806489841864,-0.21642042160939629,-0.0171620683376853,0.5420495985925385,0.2809703646865852,0.666956300617583,0.9351241479203967,0.5542969239030842,0.68,300,-0.03273318681100973,0.5576207170658629,0.22356580427446573,0.3312286147659529,0.7219493278179941,0.09999999999999998,25.956236886790112,0.24419009224065596,0.142035378034988,-0.13871139091552748,,10,-0.09464944826212941,-0.12255024977237255,0.9867830824963795,-0.047770977835366865
mmh0mm0slxu2c6,97,66,31,4,1.0,0.8969249664482805,0.0,0.6037299607877117,0.3268891118301537,0.450055778581851,0.4982236024000759,0.44456915206447506,0.5043407545840566,A_ic,0.8306614325945726,0.8306614325945726,0.0,0.5071430866745265,True,reward rate,3.7359780866785157,,-0.2461926109776127,-0.7817819820737926,-0.4480291511767991,-0.35703782782864235,-0.013340447782340559,0.8440018803769131,0.67708501209841,0.9151889879995471,0.9577496396434819,0.6709410049042273,0.5266666666666666,300,-0.043323155365236565,0.8739845879598092,0.4752404913423116,0.1222349965509313,0.18819792545535763,0.10000000000000006,0.9582664366205977,-0.023066268839504894,-0.2675994874459732,-0.2249837203027406,,10,-0.2655980728318923,-0.7938510116220623,-0.4529850181753596,-0.30669660637718577
mmh0mmpthv6747,45,30,15,4,10.0,1.5984312269496386,0.0,1.263863189211683,0.2093102487596088,1.2549236106335226,0.2149029689388937,1.3216151452633487,0.17317985098085897,DMDc,0.6579003008630604,0.6579003008630604,0.0,0.33595547131558123,True,switch rate,1.655467094063933,,-0.05342632974588015,0.37672831302341897,-0.725313669093597,-0.5737085382686905,-0.07922262603377717,0.7371229268968376,0.23218663634541548,0.8120561087034648,0.9680326349520652,0.5884594149398903,0.9433333333333334,300,-0.0589878671455184,0.7168881680085788,1.623554006968642,0.559746835443038,0.789156193895871,0.09999999999999999,,0.1710770677223916,0.1019630664972762,,,10,,,,
mmh0nnjgngklw9,119,83,36,4,10.0,2.8749075284081425,0.0,3.6323439867254157,-0.26346463349959337,4.00233096371266,-0.3921598952884513,2.8130355994572653,0.021521363153247597,A_ic,0.4881272720415153,0.4881272720415153,0.0,0.25113122596144966,False,switch rate,0.9664910437542169,,-0.02671117169351097,-0.18085256996939983,-0.8653767173066791,-0.466585467396638,-0.015883209343874938,0.5040104813853903,0.23530446591358062,0.7200397969034088,0.9777663805004383,0.07494003739226247,0.37666666666666665,300,-0.01525599981213216,0.5033832718536475,0.29093012906097004,0.36322149510058527,0.7305437395968188,0.09999999999999999,,0.18457570947138643,0.19538987621724432,-0.26587877650246083,,10,,,,
mmh0ocgvq48nmw,96,65,31,4,10.0,1.3176318513437808,0.0,0.7690581972780041,0.41633302466566546,0.7105284370972171,0.4607534446191567,0.758538394075907,0.4243168960265229,DMDc,0.43267990088549485,0.43267990088549485,0.0,0.12294734935910549,True,reward rate,0.8273844463801336,,0.29059461477240034,0.8328180001995176,-0.3749124036023811,-0.2853237424997124,0.030402542006933486,0.40227735887856136,0.2363366436295083,0.6404205602289622,0.9417479050009105,0.4589375200421633,0.7066666666666667,300,-0.02360649019400496,0.4562863910794998,0.10294952289737856,0.3047920192393337,0.9338592233009712,0.10000000000000002,,0.40281939716374127,0.3307876999694666,0.3675045794011339,,10,,,,
mmh0opq7ik4vq9,88,60,28,4,10.0,1.4210904506871949,0.0,1.2794762363306769,0.09965179506205102,1.214710812634864,0.1452262506953953,1.3006713247326342,0.08473712978391323,DMDc,0.3689519426861546,0.3689519426861546,0.0,0.35497236090407364,True,reward rate,0.6951709064571574,,0.2063162922755415,0.8155817092080969,-0.494080204345616,0.2194192672047442,0.05922090996467855,0.30973103272147606,0.22200677953364634,0.6260052401425509,0.7385361107122363,0.0945784748657403,0.7566666666666667,300,0.03857958246101706,0.33037236022513755,0.10226039783001807,0.2549533195020746,0.7172872340425531,0.09999999999999999,1.5288149855562068,0.005057825634808204,0.10497041877628197,-0.007298312279870989,,10,-0.2019852853840842,-0.16377703665232562,-0.6967832036478954,0.6684849989849201
mmh0ozswyuhptg,97,66,31,4,10.0,1.4741494293872102,0.0,0.7488041061860768,0.49204328186909274,0.6919053070770661,0.5306409965747607,0.6935165513608545,0.5295479972819697,DMDc,0.3206097038176652,0.3206097038176652,0.0,0.25368380611943264,False,reward rate,0.6093436748029782,,-0.07896379155597388,0.9584693950740457,-0.21611912786307244,0.16850418659844194,0.05784770143989987,0.2627620023777653,0.2357896994609641,0.53979309929637,0.5384596646722086,0.02056618767679194,0.47,300,0.038151214889126706,0.2824584889285385,0.13161106268325543,0.2683884926135019,1.352254456483747,0.10000000000000005,,0.5390646479847331,0.2937533769394011,0.5552495736381828,,10,,,,
mmh0pa4lqweccy,85,58,27,4,0.01,1.5486474200184044,0.0,1.4438770043642388,0.06765285261181042,1.1952427789802256,0.22820213075612705,0.9048683557302233,0.41570408859140473,A_ic,0.811182341274676,0.811182341274676,0.0,0.2692868854703356,True,reward rate,3.312334804450885,,0.10568197624168697,0.8868662290657375,-0.44954771399293014,-0.014368872053892236,-0.020259301133708774,0.8314416424083848,0.591163017023592,0.919558437442655,0.9752235578186994,0.8073913281802695,0.65,300,-0.038742052439919905,0.8499243937145959,0.4813495417018786,0.15679160419790106,0.9950069832402234,0.10000000000000005,,0.05321436806535049,0.5094608771163779,0.5057060770413794,,10,,,,
mmh0pj6zzym52u,120,82,38,4,0.01,1.78313580630728,0.0,0.8108229684991246,0.5452825490738875,0.7765116951104174,0.5645246467690501,0.7615076847521121,0.5729390425235593,A_ic,0.38205351687717465,-0.38205351687717465,0.0,0.2924114767292175,False,P(A),0.7203815032192242,,-0.9290693333419194,0.03071676390478347,0.25074396455064496,0.2702112479158558,0.014232685986007854,0.3678208308911668,0.2531277837479118,0.5404066518551277,0.8847969713903778,0.0440302881048262,0.56,300,0.016018133009825797,0.36603538386734885,0.11927379087526924,0.3020035618878006,1.5429727936297288,0.10000000000000003,,0.5761437680788721,0.5081871710862614,0.7234537153633771,,10,,,,
mmh0pjhq4si99l,69,47,22,4,10.0,0.6152947446336829,0.0,0.7085646965777245,-0.15158580949617884,0.5733385994034313,0.06818869427404306,0.4288228445660542,0.30306109664343905,A_ic,0.6882497905500249,0.6882497905500249,0.0,0.547275615317732,False,mean log ICI,1.8553019262672605,,-0.19118744717841607,0.4798662183091985,-0.2247324418276352,-0.8262391313398426,-0.007701820440730867,0.6959516109907558,0.46974165483540137,0.8286342264699293,0.9524899839472607,0.2083383186101127,0.4266666666666667,300,-0.03581087115441561,0.7240606617044405,0.3414300736067298,0.31833634032855374,0.11162377994676136,0.1,0.7873233305160288,-49.162632301621386,-27.45096044819929,-4.103906911543762,,10,-0.17788311919597244,0.5027989532212291,-0.20684565724824333,-0.8202229469005912
mmh0puch8ryw6q,86,59,27,4,0.01,1.4259796687573765,0.0,0.7530887847450661,0.47187971803179996,0.5841246108933343,0.5903696078623963,0.6108687186711158,0.5716147066785058,DMDc,0.8894474923794266,0.8894474923794266,0.0,0.7026589902057517,False,reward rate,5.916506675383076,,0.05348116972577331,0.9278353961810626,-0.20688245714213738,-0.30571374029494575,-0.01740801283257576,0.9068555052120023,0.7066162876896047,0.9544120583439549,0.9287675972720753,0.5758431411975833,0.14,300,-0.052106309195762535,0.9415538015751891,0.404071127749181,0.154807050666493,0.22535136286201024,0.09999999999999998,1.0519965563563076,0.4680350250804987,0.27787486569365977,0.31895744458231895,,10,-0.06943868049827628,-0.9643658371847514,0.2053917395735675,0.151627949391119
mmh0r154q42czx,114,78,36,4,0.01,1.7820353914085867,0.0,0.6959299014846585,0.6094747024442821,0.6384452066098691,0.6417325886523396,0.6257044785952407,0.6488821256795239,A_ic,0.5941404463846588,0.5941404463846588,0.0,0.26821962125940213,True,mean log ICI,1.3313379402219707,,0.01048773827417602,0.67347429438671,0.19823936954508506,0.712055850694721,-0.023902324397731878,0.6180427707823907,0.3727595812747275,0.7435577326260003,0.9911615865596386,0.3222281844824662,0.5766666666666667,300,-0.026466257065767107,0.6206067034504259,0.0886085631375205,0.2562974489555336,1.3625074985003,0.09999999999999998,,0.6132294015316024,0.34574471730253764,0.34154709804694827,,10,,,,
mmh0r34ra4dkeq,89,61,28,4,10.0,1.1631539674108111,0.0,0.862832635387706,0.25819568211732313,0.7442639535410128,0.36013290209743287,0.7077019442453226,0.3915664098875301,A_ic,0.8008237838837032,0.8008237838837032,0.0,0.2025540488617736,True,reward rate,3.1206771494227463,,0.01146271838156661,-0.7195796254778686,0.5748020379629043,-0.38945652624924293,-0.01910660162208022,0.8199303855057835,0.6380405875772214,0.8580883056437503,0.9920444137376978,0.9687803885638908,0.6033333333333334,300,-0.04395404007123116,0.8447778239549344,0.3315386645552917,0.13096616739244868,0.2336149590427585,0.09999999999999996,0.8914227695049681,0.24830309081345736,0.23042891779096064,0.15734901389158645,,10,0.018037852115995005,-0.720125905361506,0.5834532803837016,-0.3750674418392117
mmh0rqn7w97bj1,62,42,20,4,10.0,1.1752761345972251,0.0,1.0268709352645318,0.12627262220682534,0.9510317795665386,0.19080141970851516,0.9311873256816867,0.20768634853560541,A_ic,0.8024488699537536,0.8024488699537536,0.0,0.399416516629192,False,reward rate,3.149421553014945,,0.06308735080360266,-0.6328950372069727,0.5493500426578235,0.5419210170119031,-0.042247666687229235,0.8446965366409829,0.5207382208641327,0.9157800979462346,0.9699952208749534,0.5951665176756993,0.37,300,-0.07364598425962776,0.8760948542133814,0.6044228053222327,0.21030290952570743,0.283657703164463,0.1,0.9099012957341279,0.23209280782289698,0.4386726409058204,0.7497139254971592,,10,-0.2917916032514667,0.16183991660066036,0.08709163158662092,-0.9386589100276044
mmh0tro0xy62is,91,61,30,4,10.0,1.8773428245747934,0.0,0.9922712481929906,0.4714490953895254,0.903837685083205,0.5185548034957768,0.941510901696694,0.4984874955324473,DMDc,0.7342315581155874,0.7342315581155874,0.0,0.24414880857384366,False,reward rate,2.2436970433720087,,-0.05605966355989443,-0.9614827328343881,-0.1529601540844234,-0.22138531985056667,-0.024931136985113733,0.7591626951007011,0.5614542130359468,0.8022847457769543,0.9792541012638336,0.8912006649211501,0.33,300,-0.047674790163867886,0.7819063482794553,0.2724650825321967,0.1757301920284008,1.087659574468085,0.09999999999999999,,0.47087607423961464,0.41152947289194464,0.4616841022029611,,10,,,,
mmh0uacr2t1xyl,68,46,22,4,10.0,1.3174879662223986,0.0,1.3938878209781216,-0.05798903421849255,1.087859472945478,0.17429266844488056,1.3504400699517836,-0.0250113128728362,DMDc,0.7596056084282695,0.7596056084282695,0.0,0.18622603768171214,True,reward rate,2.520939316177012,,0.09750395589119581,0.6884575449100616,-0.6337596506742771,-0.33892166147827807,-0.05377415952313669,0.8133797679514062,0.3442059219375047,0.8498387451130441,0.9748140763491996,0.6939572997281647,0.85,300,-0.052885749349720346,0.8124913577779899,0.13296085974232155,0.1712847231595713,0.297734076900499,0.09999999999999995,0.8683851286720428,-0.09611994487655146,0.3116836565238222,-0.3271890966099673,,10,-0.09873714998694852,-0.6944031458041308,0.6279892469553991,0.3371716951616385
mmh0ueba03trt8,75,50,25,4,10.0,1.4426919292715568,0.0,1.377580395333469,0.0451319735121577,1.3341791096020916,0.07521551723399145,1.4197983630348014,0.015868645115603264,DMDc,0.7757496191592531,0.7757496191592531,0.0,0.3454274532853741,False,reward rate,2.729726915062889,,0.000439396996779408,-0.8308608756510385,0.07690872125259683,-0.5511397833925248,-0.01619075848360374,0.7919403776428569,0.5911070906136553,0.8879447337553874,0.9573888420386887,0.7109124775931935,0.5833333333333334,300,-0.05591300157081547,0.8316626207300686,0.37269264775896066,0.12855564853556484,0.49540229885057446,0.09999999999999999,0.8604426791802602,-0.20385244073499592,-0.20375229622232544,-0.7357223114604292,,10,-0.001840722291293174,0.8367161206459092,-0.043429447447479015,0.5459089926783707
mmh0vbvuxjtcjt,115,79,36,4,10.0,1.8012469069216093,0.0,0.8176608952338352,0.5460584042688268,0.7212990073760487,0.5995557274217489,0.7145601712254336,0.6032969336521218,A_ic,0.22922318226152635,0.22922318226152635,0.0,0.22757399359240962,True,reward rate,0.4705494536339983,,0.11469196214231096,0.9788458255491833,0.14313050282096906,0.09066566487431267,0.041505752455334805,0.18771742980619155,0.15293911864730614,0.40631716993272227,0.388922180000241,0.036903772403372406,0.7266666666666667,300,0.05561514065662962,0.17360804160489673,0.1993006993006993,0.40425531914893625,2.377540106951871,0.1,,0.5510912400139649,0.43034276180392544,0.4761313898413268,,10,,,,
mmh0vh7hlj07vq,75,51,24,4,10.0,1.0608816483532693,0.0,0.7735869306220557,0.27080751012816606,0.73831380030077,0.3040563936167604,0.7621587512084437,0.2815798516342627,DMDc,0.755548168539243,0.755548168539243,0.0,0.4560105705039923,False,reward rate,2.4727725470214517,,-0.21433325213137383,-0.9015636004370831,0.15321444074940344,-0.3431758536720791,-0.029308972481066786,0.7848571410203098,0.5362957439365105,0.8348790790064519,0.9558825422846444,0.7134148831476409,0.22333333333333333,300,-0.05645888515378006,0.8120070536930231,0.15473738225268482,0.1588540419758997,1.5848367459878252,0.09999999999999996,,0.27237011238371933,0.25222891590075747,0.2991703748612037,,10,,,,
mmh0wavy3sc671,107,73,34,4,10.0,1.5980141964166865,0.0,1.1578307139546884,0.2754565531702067,1.0611878897865528,0.3359333777095901,1.1254274886968092,0.2957337355197369,DMDc,0.5164358168217548,0.5164358168217548,0.0,0.2849822657882759,False,reward rate,1.0489447762353699,,0.00988114227216527,0.7829541167999069,-0.591832044122614,0.19136364744413562,-0.005781101908314268,0.522216918730069,0.37007824814577717,0.6419178310411288,0.9489616745873035,0.7888765049461701,0.7666666666666667,300,-0.025800288519167325,0.5422361053409221,0.3826636753008362,0.30213079974172125,0.36373295046661874,0.09999999999999998,0.6586317278247567,0.2275686725483395,0.3505926191055825,-0.03824776958465544,,10,-0.04955393071389677,-0.7867705418103996,0.5966839505966284,-0.15001595112044971
mmh0x9u4xp8fu3,115,79,36,4,10.0,1.0439478431173808,0.0,0.7473302171924705,0.28413069472816443,0.7052421134213882,0.32444698452038345,0.6928213749738679,0.33634483797102155,A_ic,0.5441585399622448,0.5441585399622448,0.0,0.3743113098125366,False,reward rate,1.1390805315937589,,-0.26312471375528296,-0.6447880254943199,0.5065477485807587,-0.5083533865315557,-0.00415802384051478,0.5483165638027596,0.3795517257513176,0.7039919559396315,0.9759348720530041,0.8358223375166088,0.6366666666666667,300,-0.015998428881483395,0.5601569688437282,0.48027367230040313,0.22410969249286103,0.11230548889060926,0.1,0.5911141489402624,0.1922514891850448,0.3244522406591,0.4741606033627037,,10,-0.3359799676430676,-0.6938544211533363,0.44447413309246814,-0.45620855822773737
mmh0yeggamsoac,72,48,24,4,10.0,0.6838114090915376,0.0,0.5676693077817879,0.1698452230623757,0.5223399090972217,0.23613455091197622,0.6192902615651562,0.09435517844327801,DMDc,0.7449312126515616,0.7449312126515616,0.0,0.5845570745938367,False,reward rate,2.353933249129867,,-0.39066359235925874,0.7317146375229202,-0.1680656839431621,0.53266271947676,0.0023421495731086317,0.742589063078453,0.6169434478905295,0.860989984818098,0.9714995517906135,0.8737671272447269,0.48,300,-0.03823418790140032,0.7831654005529619,0.1845197740112995,0.17790820237638932,0.39711782022318054,0.09999999999999996,0.7769735556532423,0.3122691513475867,-0.029515369706201416,0.4859956365017064,,10,-0.4548760207616511,0.7546576352957821,-0.3813155947334879,0.27960342708713465
mmh115prdezsm3,82,55,27,4,0.01,1.0688902355434808,0.0,0.6074605434940148,0.43169043621663417,0.6173926189567739,0.42239848543208136,0.7641951331964066,0.2850574289250112,A_i,0.8296286002434161,0.8296286002434161,0.0,0.4895975379091798,False,mean log ICI,3.7110920060141854,,0.16457371368030582,0.5711375032608188,-0.4724865164199901,0.6507487510059266,-0.025938127355293883,0.85556672759871,0.649808114587163,0.9023977608688162,0.9783896410145265,0.8652405309272724,0.58,300,-0.05301896214032087,0.882647562383737,0.38497200839748075,0.30085714285714277,0.2121060036538502,0.09999999999999999,0.8744598781182056,0.41307074572496655,0.3844700894266656,0.3224499525999911,,10,0.19491564064319003,0.5736914599730015,-0.5616282877920575,0.5634355936027318
mmh16ou0zfjy3u,97,65,32,4,10.0,1.551216704828074,0.0,1.0298190580720523,0.3361217327876892,0.9258068696980692,0.40317373657945543,0.9200069646294988,0.40691267585887303,A_ic,0.6639756293776964,0.6639756293776964,0.0,0.2647806574946443,True,reward rate,1.6926264642077473,,0.020012094528131977,0.8731667925253479,-0.47948301211674355,-0.08529542540516492,-0.030043859982355592,0.694019489360052,0.3533180063756746,0.7930488456767352,0.9743461724503164,0.7668207916343016,0.7733333333333333,300,-0.03667759982974994,0.7006532292074463,0.5209718670076728,0.26013363028953224,1.4246839253461765,0.09999999999999999,,0.30222613497909345,0.07181943687233962,0.3060029792716354,,10,,,,
mmh19xdldph9gc,91,63,28,4,10.0,1.7532911914573464,0.0,0.8120936223050406,0.5368175998021051,0.7182567437890236,0.5903380184143832,0.7194130107547153,0.5896785347123459,DMDc,0.5518513384023133,0.5518513384023133,0.0,0.41316136430856415,False,reward rate,1.165978946587804,,-0.08501990414018812,-0.885778182679953,0.39870082227829134,0.22182488882631554,0.0412315472543302,0.5106197911479831,0.3983078459549726,0.7480660950823478,0.9890997701624953,0.08100225350254592,0.26,300,-0.01017617268762494,0.5620275110899382,0.12655940048490194,0.23567993719127214,1.7044247787610622,0.09999999999999999,,0.49745712797291297,0.3659895121259504,-0.2876959472818251,,10,,,,
mmh1cyh065lsoj,99,68,31,4,10.0,1.0281797595701159,0.0,0.585207983441721,0.43083106043013564,0.483088851164158,0.530151370256366,0.5160409703791383,0.49810238377489935,DMDc,0.6192127830592927,0.6192127830592927,0.0,0.10970974323355438,True,reward rate,1.4461465717515822,,0.08788310827894669,-0.863003982776883,0.12615807807087243,-0.4812326093771412,-0.02549127170565968,0.6447040547649524,0.4197089427246521,0.729951002377141,0.9768551500024656,0.9097452674518255,0.9233333333333333,300,-0.04119240416720882,0.6604051872265015,0.28542628746138404,0.20453653381642517,0.5779773785761811,0.10000000000000003,0.7959741661381325,0.4563110579560946,0.4847249096502307,-0.15054434953186424,,10,0.05215476878595163,-0.8436811302750706,0.17133384186569486,-0.5060896611690506
mmh1eq08p9ct0c,105,72,33,4,10.0,2.029893145270667,0.0,0.9759897931062907,0.5191915419882105,0.7698005659040397,0.6207679366288051,0.845511519962221,0.5834699368623761,DMDc,0.42807080417684185,0.42807080417684185,0.0,0.33871878557782076,False,mean log ICI,0.8169409685882252,,0.2377438452722277,0.5196272452276648,-0.447672261400965,-0.6877898926448611,0.04472641533003402,0.3833443888468078,0.3304902168138098,0.6208052415256761,0.8082220232625872,0.06107788749845734,0.29333333333333333,300,0.014011766122722036,0.4140590380541198,0.23917699972666046,0.34847662556246356,1.8591266101162423,0.10000000000000002,,0.45126148177068826,0.2239530580033615,0.44181970054827846,,10,,,,
mmh1jfrxwrc2n9,49,32,17,4,10.0,1.5146660761535156,0.0,1.0774109380295969,0.2886808815539893,0.9674046035334529,0.36130833141112495,0.8130607856801492,0.4632078987700632,A_ic,0.6094132406921028,0.6094132406921028,0.0,0.4001855208422067,True,P(A),1.3995659262800586,,0.7122849127483087,-0.3047951279723112,0.42660567527890797,-0.4666451873268422,0.008915055045055076,0.6004981856470477,0.43034042432999514,0.8257404943015907,0.9046678085559667,0.37937503495796715,0.95,300,-0.040442332078397536,0.6498555727705003,0.10159679282462462,0.5087323943661971,0.08771384136858476,0.09999999999999998,0.6446592326477633,0.3474749805980588,0.32568603775535654,,,10,0.1217571722164712,0.19809501978569188,-0.5108969576506663,-0.8275976394439801
mmh1qje9iflk26,88,60,28,4,10.0,1.1952041398324162,0.0,1.1046785759396578,0.07574067130109785,1.036860104385364,0.1324828371739527,1.0060932862196261,0.15822473108175983,A_ic,0.5833260312754575,0.5820309749913328,-0.03884846089891403,0.5833260312754575,True,mean log ICI,1.2859658310147457,94.27484906885675,-0.3002870296233776,0.2446215963107983,0.5561730812017314,0.735295504001553,0.030459854297065103,0.5528661769783924,0.3873779838598387,0.789294523539592,0.887259943275748,0.09733383354077765,0.6066666666666667,300,0.042946607103814705,0.5403794241716428,0.2554465343601896,0.3245464200371714,0.30554202192448227,0.09999999999999998,0.7471790762993789,0.13194683747829136,0.12186737434504749,0.09355777317194525,,10,0.07467867449471186,-0.06921318813640508,0.6558904420111196,0.7479574575082233
mmh1sestivd4ky,109,74,35,4,10.0,1.6754064801106405,0.0,0.9984416665169127,0.40406004252115724,0.9749800224053221,0.4180635959215483,1.034563470761818,0.38250001832779257,DMDc,0.28832798610490107,0.28832798610490107,0.0,0.1614507622745363,False,reward rate,0.5573461171751699,,-0.19969103750001055,-0.7718095594337635,0.19396552806968023,-0.5716737421199957,0.015354573156706242,0.2729734129481948,0.165957700001498,0.49824573948212825,0.8778279009322871,0.10258389636080263,0.6633333333333333,300,0.026945134949884597,0.26138285115501647,0.10819325659053444,0.23851566875258712,1.482074852265266,0.1,,0.4265334362694138,0.48713324539037056,0.5708264564048282,,10,,,,
mmh1tezpvosjbe,92,64,28,4,10.0,1.0843551721797073,0.0,0.7704069527672851,0.2895252657681725,0.7247914781519711,0.3315921787000493,0.7700991540165375,0.2898091199504963,DMDc,0.7731688553443922,0.7731688553443922,0.0,0.24498841375174388,True,reward rate,2.6943678537016567,,0.15477656353473865,0.7372999325177975,-0.6504395965125797,0.09675410160908406,-0.01374319389243528,0.7869120492368274,0.5815548973247269,0.8694188876877579,0.9835057099687575,0.9274483178950531,0.7933333333333333,300,-0.0476471383638738,0.820815993708266,0.4745613073042333,0.17664143261977303,0.26983850115942615,0.09999999999999999,0.9317936359211665,0.31922546928209566,0.028387274829148046,0.2698648415130659,,10,-0.1975177500990105,-0.7619076911333941,0.6069293253862597,-0.11009179158223045
mmh1wzqpw76n7q,82,55,27,4,10.0,0.8833698140730546,0.0,0.623584320871452,0.29408463936952955,0.5831068656022403,0.3399062812508359,0.4888906867776797,0.44656170157830577,A_ic,0.6550194905978611,0.6550194905978611,0.0,0.17392090325002685,False,reward rate,1.6382961311316961,,0.0735482971916854,0.8895319406140348,-0.2364338479179524,-0.3839565211926259,-0.05525029464340969,0.7102697852412708,0.33034937018168997,0.7698300816480749,0.9831468227834164,0.7480076277940377,0.5666666666666667,300,-0.036561646331886855,0.691581136929748,0.1709960508995174,0.2929572298437385,1.107738492328218,0.09999999999999999,,0.29477397697492197,0.1057385225903194,-1.1739115309247834,,10,,,,
mmh250jgfc38xs,78,54,24,4,10.0,1.2404236386534147,0.0,0.8777175747221476,0.2924049918340925,0.7298447235588834,0.41161656323222606,0.7496132403773137,0.39567965570933283,DMDc,0.7815689138112154,0.7815689138112154,0.0,0.38617497701728787,True,reward rate,2.8125043287585316,,0.03770458462539097,-0.7469943996109336,0.0898505416898383,0.6576508278761384,-0.0370608123081021,0.8186297261193175,0.49307065339981565,0.8918644391417689,0.9712131979668052,0.6807704493263825,0.5233333333333333,300,-0.05091059434346601,0.8324795081546814,0.4012954144327148,0.14206201550387595,0.14296813273637068,0.1,0.8715567066450254,0.26443065056578224,0.24066262828129492,0.28859647459585824,,10,0.040721337018021386,-0.7707907834772681,0.06645540150283401,0.6323029498816696
mmh28cu8c2h59x,79,53,26,4,10.0,0.6961605227275734,0.0,0.6900875315819465,0.008723550025262594,0.5808408444067648,0.16565098789138955,0.6963772117803375,-0.00031126305742690263,DMDc,0.7374598693812102,0.7374598693812102,0.0,0.49786229943269644,False,reward rate,2.2760194777731555,,0.13110617344033007,-0.8329419533537978,0.10619318609097976,0.5270122207850976,-0.01518416221574459,0.7526440315969548,0.5192304493194566,0.8420635373676172,0.9064291910517817,0.22252348965148114,0.6033333333333334,300,-0.045769124234959824,0.78322899361617,0.8074706510138744,0.10024284092342625,0.32579359979437067,0.1,,-1.4380041246337187,-2.3266066803536707,-0.2792673382778738,,10,,,,
